ID,図鑑番号,種類,レアリティ,人形,レベル,累計経験値,現在経験値,必要経験値,リンク数,MOD,最大HP,HP,火力,命中,回避,射速,移動速度,防御,弾約数,会心率,スキル1,スキル2,装備1,装備2,装備3,好感度,誓約,誓約日,ロック
10628365,20029,SMG,★★★★,ステンMK-II Mod,115,10083300,0,0,x5,Mod3,970,970,29,17,78,86,12,0,0,5,10,10,,,ステン専用サイレンサー,200,誓約,2021-03-03 00:34,ロック
10650271,228,SMG,★★★★★,一〇〇式,100,3263300,-,-,x5,,1060,1060,29,14,67,76,12,0,0,5,10,0,,,,100,,,ロック
11502686,20037,RF,★★★★,M14 Mod,120,30283300,-,-,x5,Mod3,430,430,111,74,28,44,7,0,0,40,10,10,,M2二脚,,200,誓約,2018-09-22 14:16,ロック
22403364,20008,HG,★★★★,マカロフ Mod,115,12119248,0,0,x5,Mod3,340,340,29,63,104,61,15,0,0,20,10,10,タクティカルグリップ,9x18mm FTX,,200,誓約,2021-03-13 03:06,ロック
22700576,20001,HG,★★★★★,コルトSAA Mod,120,30283300,-,-,x5,Mod3,415,415,37,51,80,50,15,0,0,20,10,10,コルトSAAロングバレル,,,100,,,ロック
22817393,115,SMG,★★★★★,スオミ,100,3263300,-,-,x5,,1100,1100,28,15,56,93,12,0,0,5,10,0,MK31多機能骨格,,,100,,,ロック
22831490,106,AR,★★★★★,FAL,100,3263300,-,-,x5,,660,660,57,43,38,72,10,0,0,20,10,0,,,,150,誓約,2018-10-01 00:27,ロック
23230854,118,AR,★★★★,9A-91,100,3263300,-,-,x5,,580,580,42,49,50,78,10,0,0,20,10,0,,,9A高性能チップ,100,,,ロック
23513711,100,HG,★★★★,P7,100,3263300,-,-,x5,,315,315,32,62,83,61,15,0,0,20,10,0,,,,100,,,ロック
23771440,66,AR,★★★★,56-1式,100,3263300,-,-,x5,,690,690,53,35,35,69,10,0,0,20,10,0,,,,100,,,ロック
24403124,20055,AR,★★★★★,M4A1 Mod,120,30283300,-,-,x5,Mod3,565,565,50,50,50,80,10,0,0,20,10,10,,,遺されたケース,200,誓約,2020-01-17 17:11,ロック
25983262,18,SMG,★★★,イングラム,100,3263300,-,-,x5,,880,880,28,11,68,91,12,0,0,5,10,0,,,,100,,,ロック
26020732,69,AR,★★★★,Fr FAMAS,100,3263300,-,-,x5,,605,605,44,48,40,81,10,0,0,20,1,0,,,,100,,,ロック
26227342,20039,RF,★★★★★,モシン・ナガン Mod,116,12460273,0,0,x5,Mod3,450,450,135,88,40,31,7,0,0,40,10,10,,K6-24X56,Hayhaメモリーチップ,100,,,ロック
27121889,20056,AR,★★★★★,M4 SOPMOD II Mod,120,30283300,-,-,x5,Mod3,565,565,52,51,46,79,10,0,0,30,10,10,,ダイナーゲート型RO,,200,誓約,2019-01-23 02:09,ロック
27180253,20101,SMG,★★★★★,UMP9 Mod,100,3263300,0,0,x5,Mod1,880,880,28,17,80,87,12,0,0,5,10,0,,,,100,,,ロック
28858743,36,RF,★★★★,スプリングフィールド,100,3263300,-,-,x5,,420,420,128,72,40,32,7,0,0,40,10,0,ナショナルマッチ徹甲弾,,,100,,,ロック
29424739,142,HG,★★★★★,Five-seven,100,3263300,-,-,x5,,315,315,31,57,97,66,15,0,0,20,10,0,,,,100,,,ロック
31741914,20053,RF,★★★★★★,NTW-20 Mod,120,30283300,-,-,x5,Mod3,475,475,170,82,31,32,7,0,0,40,10,10,20mm HEI,,,200,誓約,2021-08-06 19:09,ロック
33171725,48,RF,★★★★★,WA2000,100,3263300,-,-,x5,,440,440,130,82,30,39,7,0,0,40,10,0,,SB 2.5-10x56,,150,誓約,2020-06-01 02:03,ロック
34314609,96,HG,★★★★★,グリズリー,100,3263300,-,-,x5,,430,430,38,51,66,54,15,0,0,20,10,0,,,,100,,,ロック
34909530,20065,AR,★★★★★★,416 Mod,120,30283300,-,-,x5,Mod3,620,620,55,51,47,79,10,0,0,20,10,10,,,戦術カチューシャ,200,誓約,2019-01-04 01:18,ロック
35888682,62,AR,★★★★★,Gr G41,100,3263300,-,-,x5,,635,635,50,48,40,77,10,0,0,20,10,0,,,高性能戦術髪飾り,100,,,ロック
36385599,54,AR,★★★★,M16A1,100,3263300,-,-,x5,,605,605,47,46,44,75,10,0,0,20,10,0,,特殊戦術機動装甲,16LAB防弾ベスト,150,誓約,2019-01-04 01:19,ロック
37821547,77,MG,★★★,M2HB,100,3263300,-,-,x5,,1075,1075,102,18,16,100,4,0,10,5,10,0,,,,100,,,ロック
38675689,129,AR,★★★★★,95式,100,3263300,-,-,x5,,580,580,55,52,46,71,10,0,0,20,10,0,,,,100,,,ロック
41708607,166,HG,★★★★★,CZ75,100,3263300,-,-,x5,,330,330,34,62,74,66,15,0,0,20,10,0,,,,100,,,ロック
45146636,130,AR,★★★★★,97式,100,3263300,-,-,x5,,580,580,54,51,46,72,10,0,0,20,10,0,,,,100,,,ロック
45932858,99,HG,★★★★,Gr Mk23,100,3263300,-,-,x5,,400,400,29,53,66,63,15,0,0,20,10,0,,,,100,,,ロック
46992148,98,HG,★★★★,SPP-1,100,3263300,-,-,x5,,380,380,35,61,75,48,15,0,0,20,10,0,,,,100,,,ロック
48921663,119,AR,★★★★★,OTs-14,100,3263300,-,-,x5,,550,550,49,54,54,75,10,0,0,20,10,0,,,,100,,,ロック
53638772,20,SMG,★★★★★,Vector,100,3263300,-,-,x5,,925,925,30,11,71,101,12,0,0,5,10,0,,,,100,,,ロック
55553161,43,RF,★★★★,SVD,100,3263300,-,-,x5,,400,400,130,80,33,37,7,0,0,40,10,0,7N14,,,150,誓約,2020-06-01 20:37,ロック
58761833,20122,AR,★★★★★★,Gr G11 Mod,120,30283300,-,-,x5,Mod3,620,620,48,48,44,97,10,0,0,20,10,10,,,G-box,198,誓約,2019-09-01 01:50,ロック
71988802,114,HG,★★★★★,ウェルロッドMkⅡ,100,3263300,-,-,x5,,400,400,28,71,90,52,15,0,0,40,10,0,,,,100,,,ロック
74724600,175,AR,★★★★★,ART556,100,3263300,-,-,x5,,580,580,53,53,49,69,10,0,0,20,10,0,,,,100,,,ロック
77441721,157,SG,★★★★★,Am KSG,100,3263300,-,-,x5,,1265,1265,29,13,12,30,6,24,5,40,10,0,,,,100,,,ロック
82320183,122,AR,★★★★★,Gr G11,100,3263300,-,-,x5,,605,605,43,44,41,95,10,0,0,20,10,0,,,,150,誓約,2019-12-03 18:57,ロック
84388224,153,SG,★★★★,M37,100,3263300,-,-,x5,,1265,1265,33,12,12,26,6,22,4,40,10,0,,,,100,,,ロック
85705856,135,SMG,★★★★★,SR-3MP,100,3263300,-,-,x5,,970,970,31,12,67,90,12,0,0,5,10,0,,,,100,,,ロック
87909014,1002,SG,★★★★★,エルフェルト,100,3263300,-,-,x5,,1375,1375,36,13,9,28,6,23,5,40,10,0,Type3防弾ベスト,散弾用閃光弾,,100,,,ロック
88294099,85,MG,★★★★,PK,100,3263300,-,-,x5,,950,950,96,21,23,84,4,0,11,5,10,0,,,,100,,,ロック
94947244,20097,HG,★★★★★★,M950A Mod,100,3263300,0,0,x5,Mod1,390,390,32,55,74,72,15,0,0,20,10,0,,,,100,,,ロック
97485684,243,AR,★★★★★,64式自,100,3263300,-,-,x5,,625,625,67,62,43,63,10,0,0,20,10,0,,,,100,,,ロック
98539166,109,MG,★★★★★,Gr MG5,100,3263300,-,-,x5,,990,990,85,27,27,120,4,0,11,5,10,0,,,,100,,,ロック
104935378,20007,HG,★★★★★,スチェッキン Mod,115,10096260,0,0,x5,Mod3,425,425,31,51,68,66,15,0,0,20,10,10,APS専用銃床,,戦術アホ毛(稲妻),150,誓約,2022-06-11 23:51,ロック
105246071,112,MG,★★★★★,ネゲヴ,100,3263300,-,-,x5,,870,870,84,35,36,139,4,0,9,5,10,0,,,,100,,,ロック
105508315,109,MG,★★★★★,Gr MG5,100,3263300,-,-,x5,,990,990,85,27,27,120,4,0,11,5,10,0,,,,100,,,ロック
105977643,20143,SMG,★★★★★★,RO635 Mod,119,25804994,0,0,x5,Mod3,1040,1040,29,15,76,97,12,0,0,5,10,10,お気にのキーホルダー,,,200,誓約,2021-12-31 17:07,ロック
106586004,96,HG,★★★★★,グリズリー,100,3263300,-,-,x5,,430,430,38,51,66,54,15,0,0,20,10,0,,,MkV可動性外骨格,100,,,ロック
107800199,126,HG,★★★★★,NZ75,100,3263300,-,-,x5,,365,365,33,62,74,63,15,0,0,20,10,0,,,,100,,,ロック
114247677,173,MG,★★★★★,PKP,100,3263300,-,-,x5,,825,825,95,31,29,127,4,0,10,5,10,0,M1022狙撃弾,16Lab6-24X56,IOP多弾倉アサルトパック改,100,,,ロック
115516465,151,SG,★★★★★,M1887,100,3263300,-,-,x5,,1375,1375,39,12,12,22,6,22,4,40,10,0,,,,100,,,ロック
123019893,224,SMG,★★★★★,PM-06,100,3263300,-,-,x5,,950,950,29,15,75,83,12,0,0,5,10,0,,,,100,,,ロック
123639478,212,HG,★★★★,K5,100,3263300,-,-,x5,,330,330,29,52,81,62,15,0,0,40,10,0,,,,100,,,ロック
123641435,183,HG,★★★★★,コンテンダー,100,3263300,-,-,x5,,330,330,46,85,82,44,15,0,0,40,10,0,,,,100,,,ロック
124014501,20001,HG,★★★★★,コルトSAA Mod,120,30283300,-,-,x5,Mod3,415,415,37,51,80,50,15,0,0,20,10,10,コルトSAAロングバレル,,,100,,,ロック
124105383,194,AR,★★★★★,K2,100,3263300,-,-,x5,,635,635,50,51,42,78,10,0,0,20,10,0,,,,100,,,ロック
180676405,14,HG,★★★,アストラ,30,45000,0,0,x3,,156,156,19,18,27,40,15,0,0,20,1,0,,,,100,,,ロック
180770047,10,HG,★★,PPK,100,3263300,-,-,x5,,285,285,25,59,100,63,15,0,0,20,10,0,PPKサイレンサー,,,100,,,ロック
181177527,16,SMG,★★★★★,トンプソン,100,3263300,-,-,x5,,1190,1190,31,12,56,82,12,0,0,5,10,0,トンプソン外骨格,,,100,,,ロック
181440847,99,HG,★★★★,Gr Mk23,100,3263300,-,-,x5,,400,400,29,53,66,63,15,0,0,20,10,0,,,,100,,,ロック
181445677,188,SG,★★★★★,S.A.T.8,100,3263300,-,-,x5,,1410,1410,29,13,12,33,6,22,4,40,10,0,,,,100,,,ロック
183729095,20,SMG,★★★★★,Vector,100,3263300,-,-,x5,,925,925,30,11,71,101,12,0,0,5,10,0,,,,100,,,ロック
184480197,163,SG,★★★★★,AA-12,100,3263300,-,-,x5,,1345,1345,30,12,11,39,6,22,5,40,10,0,,Frag12榴弾,,100,,,ロック
184591861,20103,SMG,★★★★★,UMP45 Mod,120,30283300,-,-,x5,Mod3,975,975,29,14,77,83,12,0,0,5,10,10,,,追加演算モジュール,200,誓約,2020-11-04 23:28,ロック
185048864,1018,HG,★★★★★,セイ・P・アサギリ,100,3263300,-,-,x5,,425,425,30,59,77,53,15,0,0,20,10,0,,,ホワイトナイト制式アーマー,100,,,ロック
185103780,1020,RF,★★★★★,ステラ・星井,100,3263300,-,-,x5,,450,450,117,84,36,35,7,0,0,40,10,0,,,電子の目,100,,,ロック
185139464,1019,SMG,★★★★★,ドロシー・ヘイズ,100,3263300,-,-,x5,,880,880,28,15,87,79,12,0,0,5,10,0,,MIRD クラス5弾薬,,100,,,ロック
185422234,1021,MG,★★★★★,アルマ・アルマス,100,3263300,-,-,x5,,975,975,89,31,23,129,4,0,9,5,10,0,,,機械の義手,100,,,ロック
185695525,104,SMG,★★★★★,Gr?G36c,100,3263300,-,-,x5,,1015,1015,32,13,65,83,12,0,0,5,10,0,,,,100,,,ロック
185696627,20101,SMG,★★★★★,UMP9 Mod,115,10588500,0,0,x5,Mod3,900,900,29,17,83,87,12,0,0,5,10,10,UMP UX外骨格,,AMP COMPSP,100,,,ロック
185713170,127,SMG,★★★★★,79式,100,3263300,-,-,x5,,970,970,32,12,70,88,12,0,0,5,10,0,,,,100,,,ロック
189890793,20097,HG,★★★★★★,M950A Mod,115,11341240,0,0,x5,Mod3,400,400,32,57,76,72,15,0,0,20,10,10,WML&ハンドガード,,,100,,,ロック
189894200,183,HG,★★★★★,コンテンダー,100,3263300,-,-,x5,,330,330,46,85,82,44,15,0,0,40,10,0,,,,100,,,ロック
190410426,20007,HG,★★★★★,スチェッキン Mod,117,15866649,0,0,x5,Mod3,425,425,31,51,68,66,15,0,0,20,10,10,APS専用銃床,,戦術アホ毛(稲妻),200,誓約,2022-09-10 13:55,ロック
190810147,257,RF,★★★★★,M200,100,3263300,-,-,x5,,440,440,145,96,31,34,7,0,0,40,10,0,,,,100,,,ロック
190810914,233,HG,★★★★★,Px4 ストーム,100,3263300,-,-,x5,,340,340,35,69,93,57,15,0,0,20,10,0,,,,100,,,ロック
194437541,197,RF,★★★★★,カルカノ M1891,100,3263300,-,-,x5,,400,400,138,85,42,34,7,0,0,40,10,0,,,,100,,,ロック
194437969,148,RF,★★★★★,IWS 2000,100,3263300,-,-,x5,,440,440,162,78,29,32,7,0,0,40,10,0,,,,100,,,ロック
194548203,20095,RF,★★★★,漢陽88式 Mod,120,30283300,-,-,x5,Mod3,520,520,118,69,39,37,7,0,0,40,10,10,レールガンバレット,加速コイル,,200,誓約,2021-03-19 17:29,ロック
194548311,50,RF,★★★★★,リー・エンフィールド,100,3263300,-,-,x5,,400,400,135,78,40,36,7,0,0,40,10,0,,,,100,,,ロック
195449460,72,AR,★★★★,TAR-21,100,3263300,-,-,x5,,525,525,49,48,44,79,10,0,0,20,10,0,,,,100,,,ロック
197137817,216,AR,★★★★,XM8,30,45000,0,0,x3,,210,210,27,18,17,62,10,0,0,20,1,0,,,,99,,,ロック
197137818,196,AR,★★★★★,Zas M21,100,3263300,-,-,x1,,121,121,55,48,41,74,10,0,0,20,1,0,,,,100,,,ロック
197391754,196,AR,★★★★★,Zas M21,100,3263300,-,-,x1,,121,121,55,48,41,74,10,0,0,20,1,0,,,,100,,,ロック
197415803,171,AR,★★★★,リベロール,100,3263300,-,-,x5,,550,550,64,44,40,63,10,0,0,20,10,0,,,,100,,,ロック
197981790,44,RF,★★★,SV-98,35,69400,0,0,x3,,171,171,72,32,13,29,7,0,0,40,1,0,,,,100,,,ロック
198004142,12,HG,★★★,C96,70,738280,0,0,x4,,280,280,24,30,45,56,15,0,0,20,1,0,,,,100,,,ロック
198007699,20075,MG,★★★★★,M1918 Mod,118,22566809,0,0,x5,Mod3,805,805,101,34,34,115,4,0,8,5,10,10,,,Titan射撃管制チップ,100,,,ロック
198074366,162,SG,★★★★,SPAS-12,100,3263300,-,-,x5,,1375,1375,33,11,9,32,6,21,4,40,10,0,,,,100,,,ロック
198090007,20051,RF,★★★★,FF FN49 Mod,115,11054596,0,0,x5,Mod3,475,475,119,63,33,34,7,0,0,40,10,10,,,,100,,,ロック
198093011,20032,SMG,★★★★,Micro Uzi Mod,115,10178234,0,0,x5,Mod3,880,880,25,13,82,104,12,0,0,5,10,10,,,MPL M21,200,誓約,2022-03-04 20:28,ロック
201633581,20005,HG,★★★★,M1895 Mod,118,20450422,0,0,x5,Mod3,355,355,35,48,100,45,15,0,0,20,10,10,M1895専用サイレンサー,,,100,,,ロック
201744614,234,SMG,★★★★★,JS 9,100,3263300,-,-,x5,,900,900,27,15,86,89,12,0,0,5,10,0,,,,100,,,ロック
201987997,211,RF,★★★★★,SRS,1,0,0,0,x1,,44,44,46,10,4,23,7,0,0,40,1,0,,,,84,,,ロック
203715774,99,HG,★★★★,Gr Mk23,100,3263300,-,-,x5,,400,400,29,53,66,63,15,0,0,20,10,0,,,,100,,,ロック
205579259,233,HG,★★★★★,Px4 ストーム,100,3263300,-,-,x5,,340,340,35,69,93,57,15,0,0,20,10,0,ImpulsIIA/C,,,100,,,ロック
205939140,119,AR,★★★★★,OTs-14,100,3263300,-,-,x5,,550,550,49,54,54,75,10,0,0,20,10,0,,,,100,,,ロック
206914560,84,MG,★★★,RPD,1,0,0,0,x1,,83,83,28,4,4,80,4,0,8,5,1,0,,,,93,,,ロック
208936207,215,AR,★★★★★,MDR,100,3263300,-,-,x5,,595,595,56,50,41,76,10,0,0,20,10,0,,,,100,,,ロック
208953849,171,AR,★★★★,リベロール,100,3263300,-,-,x5,,550,550,64,44,40,63,10,0,0,20,10,0,,,,100,,,ロック
209782957,102,SMG,★★★★,UMP40,1,0,0,0,x1,,90,90,10,2,10,59,12,0,0,5,1,0,,,,95,,,ロック
209921398,73,AR,★★★★★,AUG,100,3263300,-,-,x5,,605,605,55,57,46,75,10,0,0,30,10,0,,,,100,,,ロック
210039310,73,AR,★★★★★,AUG,100,3263300,-,-,x5,,605,605,55,57,46,75,10,0,0,30,10,0,EOT 518,APCR高速弾,#2プロセッサ,100,,,ロック
210376769,20136,SMG,★★★★★,PP-19 Mod,115,11572800,0,0,x5,Mod3,945,945,27,14,79,91,12,0,0,5,10,10,,,pt-3ストック,100,,,ロック
210425708,179,RF,★★★★★,Gd DSR-50,100,3263300,-,-,x5,,410,410,163,87,33,31,7,0,0,40,10,0,,,,100,,,ロック
212356628,183,HG,★★★★★,コンテンダー,100,3263300,-,-,x5,,330,330,46,85,82,44,15,0,0,40,10,0,,,,100,,,ロック
212761894,266,RF,★★★★★,R93,100,3263300,-,-,x5,,405,405,133,97,34,39,7,0,0,40,10,0,,,,100,,,ロック
213470468,172,AR,★★★★★,Am RFB,100,3263300,-,-,x5,,525,525,69,68,49,54,10,0,0,30,10,0,,,,100,,,ロック
214032417,208,MG,★★★★★,HMG21,100,3263300,-,-,x5,,845,845,92,29,33,135,4,0,10,5,10,0,,,,100,,,ロック
214093880,203,SMG,★★★★,Honey Badger,100,3263300,-,-,x5,,990,990,33,13,60,82,12,0,0,5,10,0,軽量骨格MkQ,,,100,,,ロック
214574173,28,SMG,★★★★★,Gr MP7,100,3263300,-,-,x5,,990,990,30,13,69,91,12,0,0,5,10,0,,,,100,,,ロック
214739227,205,AR,★★★★★,AN-94,100,3263300,-,-,x5,,580,580,55,67,48,76,10,0,0,20,10,0,EOT 518,16Lab高速弾,#2プロセッサ,100,,,ロック
214741607,206,AR,★★★★★,AK-12,100,3263300,-,-,x5,,550,550,56,62,52,78,10,0,0,20,10,0,,,,100,,,ロック
214915483,202,HG,★★★★,Thunder,100,3263300,-,-,x5,,430,430,46,57,60,37,15,0,0,40,10,0,,,,100,,,ロック
215116775,186,HG,★★★,P226,2,187,0,0,x1,,37,37,12,9,10,43,15,0,0,20,1,0,,,,100,,,ロック
215530364,197,RF,★★★★★,カルカノ M1891,100,3263300,-,-,x5,,400,400,138,85,42,34,7,0,0,40,10,0,,,,150,誓約,2020-12-05 15:14,ロック
215875987,270,RF,★★★★,四式,100,3263300,-,-,x5,,420,420,112,74,37,39,7,0,0,40,10,0,有坂徹甲弾,,,100,,,ロック
216062389,278,SG,★★★,Six12,2,150,0,0,x1,,123,123,14,3,3,22,6,3,4,40,1,0,,,,100,,,ロック
216247505,80,MG,★★★,M1919A4,11,6195,0,0,x2,,200,200,42,7,5,73,4,0,9,5,1,0,,,,75,,,ロック
216750125,46,RF,★★★★★,Kar98k,100,3263300,-,-,x5,,420,420,135,78,41,34,7,0,0,40,10,0,,,,100,,,ロック
218553253,188,SG,★★★★★,S.A.T.8,100,3263300,-,-,x5,,1410,1410,29,13,12,33,6,22,4,40,10,0,Type3防弾ベスト,散弾用閃光弾,,100,,,ロック
218818421,148,RF,★★★★★,IWS 2000,100,3263300,-,-,x5,,440,440,162,78,29,32,7,0,0,40,10,0,,,,100,,,ロック
222148675,198,RF,★★★★★,カルカノ M91/38,100,3263300,-,-,x5,,365,365,146,90,44,34,7,0,0,40,10,0,,,,100,,,ロック
224765127,213,SMG,★★★★★,C-MS,100,3263300,-,-,x5,,925,925,32,15,75,87,12,0,0,5,10,0,,,,100,,,ロック
224781523,213,SMG,★★★★★,C-MS,100,3263300,-,-,x5,,925,925,32,15,75,87,12,0,0,5,10,0,,,,100,,,ロック
224793924,245,SMG,★★★★★,P90,100,3263300,-,-,x5,,950,950,30,15,83,93,12,0,0,5,10,0,,,,100,,,ロック
224818779,260,HG,★★★★★,PA-15,100,3263300,-,-,x5,,350,350,35,65,76,64,15,0,0,20,10,0,,,,100,,,ロック
224824033,99,HG,★★★★,Gr Mk23,100,3263300,-,-,x5,,400,400,29,53,66,63,15,0,0,20,10,0,ILWLP,,,100,,,ロック
226496294,181,AR,★★★★★,T91,11,6000,0,0,x2,,136,136,23,10,11,55,10,0,0,20,10,0,,,,100,,,ロック
226590422,1009,HG,★★★★★,エル・クレア,100,3263300,-,-,x5,,330,330,31,62,88,61,15,0,0,20,10,0,Glory Light,,,100,,,ロック
226732213,1010,HG,★★★★★,エル・フェイル,100,3263300,-,-,x5,,330,330,31,62,88,61,15,0,0,20,10,0,BlackCat,,,100,,,ロック
227314574,222,RF,★★★★★,TAC-50,1,0,0,0,x1,,44,44,52,10,4,21,7,0,0,40,1,0,,,,84,,,ロック
227879451,172,AR,★★★★★,Am RFB,100,3263300,-,-,x5,,525,525,69,68,49,54,10,0,0,30,10,0,,,,100,,,ロック
228612466,189,SG,★★★★,USAS-12,100,3263300,-,-,x5,,1300,1300,29,11,10,37,6,22,5,40,10,0,,,,100,,,ロック
228859766,147,RF,★★★,SSG 69,1,0,0,0,x1,,40,40,47,10,5,20,7,0,0,40,1,0,,,,66,,,ロック
229193635,146,RF,★★★★,Gr G28,100,3263300,-,-,x5,,440,440,119,80,29,39,7,0,0,40,10,0,,,,100,,,ロック
229259712,138,AR,★★★,6P62,1,0,0,0,x1,,61,61,24,5,4,36,10,0,0,20,1,0,,,,100,,,ロック
229345961,195,MG,★★★,Gr MG23,1,0,0,0,x1,,75,75,28,4,4,90,4,0,9,5,1,0,,,,100,,,ロック
231336687,290,AR,★★★★★,89式,100,3263300,-,-,x5,,605,605,54,48,45,79,10,0,0,20,10,0,,,,100,,,ロック
232107801,238,MG,★★★★★,88式,100,3263300,-,-,x5,,825,825,86,33,35,126,4,0,10,5,10,0,,,,100,,,ロック
233593509,180,RF,★★★★,PzB39,31,50000,0,0,x1,,55,55,80,27,13,25,7,0,0,40,1,0,,,,66,,,ロック
235678309,210,HG,★★★,CZ52,11,6297,0,0,x1,,42,42,15,12,15,38,15,0,0,20,1,0,,,,100,,,ロック
237722651,42,RF,★★★★,PTRD,23,27000,0,0,x1,,57,57,78,24,10,21,7,0,0,40,1,0,,,,100,,,ロック
237802036,268,RF,★★★,T-CMS,1,0,0,0,x1,,44,44,45,10,4,25,7,0,0,40,1,0,,,,100,,,ロック
238734890,38,RF,★★★,M21,1,0,0,0,x1,,47,47,45,10,4,24,7,0,0,40,1,0,,,,68,,,ロック
241307419,20097,HG,★★★★★★,M950A Mod,113,7881646,0,0,x5,Mod2,400,400,32,57,76,72,15,0,0,20,10,10,,,,100,,,ロック
242531831,225,SMG,★★★★,Cx4 ストーム,1,0,0,0,x1,,90,90,13,2,10,44,12,0,0,5,1,0,,,,100,,,ロック
242812599,59,SMG,★★★★★,AK-74U,11,6000,0,0,x2,,214,214,17,4,16,62,12,0,0,5,10,0,,,,84,,,ロック
243630203,4,HG,★★★★★,パイソン,100,3263300,-,-,x5,,350,350,40,81,82,49,15,0,0,40,10,0,,,,100,,,ロック
243829826,4,HG,★★★★★,パイソン,100,3263300,-,-,x5,,350,350,40,81,82,49,15,0,0,40,10,0,,,,100,,,ロック
243840972,4,HG,★★★★★,パイソン,100,3263300,-,-,x5,,350,350,40,81,82,49,15,0,0,40,10,0,,,,100,,,ロック
244002178,226,RF,★★★★,Mk 12,1,0,0,0,x1,,41,41,36,10,4,31,7,0,0,40,1,0,,,,83,,,ロック
244114852,4,HG,★★★★★,パイソン,87,1805438,0,0,x1,,65,65,36,72,73,47,15,0,0,40,10,0,,,,100,,,ロック
244220067,229,SG,★★★★★,M870,100,3263300,-,-,x5,,1320,1320,33,13,12,29,6,23,4,40,10,0,,,,100,,,ロック
244894073,165,SG,★★★★,M1014,100,3263300,-,-,x5,,1375,1375,31,12,11,32,6,21,4,40,1,0,,,,100,,,ロック
246282118,257,RF,★★★★★,M200,100,3263300,-,-,x5,,440,440,145,96,31,34,7,0,0,40,10,0,,,,100,,,ロック
247634533,231,RF,★★★★★,M82A1,100,3263300,-,-,x5,,440,440,158,77,30,34,7,0,0,40,10,0,,,,100,,,ロック
248576165,48,RF,★★★★★,WA2000,100,3263300,-,-,x5,,440,440,130,82,30,39,7,0,0,40,10,0,,,,100,,,ロック
248968168,160,SG,★★★★★,Saiga-12,32,56625,0,0,x3,,522,522,18,6,5,29,6,9,5,40,10,0,,,,100,,,ロック
249371861,184,RF,★★★★,T-5000,1,0,0,0,x1,,45,45,46,11,4,24,7,0,0,40,1,0,,,,100,,,ロック
250349569,227,AR,★★★★,A-91,11,6000,0,0,x2,,124,124,23,12,9,54,10,0,0,20,1,0,,,,83,,,ロック
251106680,198,RF,★★★★★,カルカノ M91/38,100,3263300,-,-,x5,,365,365,146,90,44,34,7,0,0,40,10,0,,,,100,,,ロック
251790479,20049,RF,★★★★,56式半 Mod,115,10083300,0,0,x5,Mod3,475,475,110,70,37,37,7,0,0,40,10,10,特製曳光弾,,,100,,,ロック
252378508,235,RF,★★★★,SPR A3G,100,3263300,-,-,x5,,435,435,130,83,31,35,7,0,0,40,1,0,,,,100,,,ロック
253401817,113,HG,★★★,セルジュコフ,14,10032,0,0,x1,,40,40,15,15,17,43,15,0,0,20,1,0,,,,100,,,ロック
255146724,282,SG,★★★★★,DP-12,100,3263300,-,-,x5,,1265,1265,31,13,13,30,6,23,5,40,10,0,,,,100,,,ロック
259262454,258,AR,★★★,マガル,1,0,0,0,x1,,58,58,16,6,5,46,10,0,0,20,1,0,,,,100,,,ロック
260121125,269,HG,★★★★,Gr P30,100,3263300,-,-,x5,,350,350,32,62,85,55,15,0,0,20,5,0,,,,100,,,ロック
260854962,285,HG,★★★★★,C-93,100,3263300,-,-,x5,,315,315,33,62,98,64,15,0,0,20,10,0,,,,100,,,ロック
261347994,156,SG,★★★★,Super-Shorty,100,3263300,-,-,x5,,1210,1210,28,14,19,30,6,20,3,40,1,0,,,,100,,,ロック
261462612,285,HG,★★★★★,C-93,100,3263300,-,-,x5,,315,315,33,62,98,64,15,0,0,20,10,0,,,,100,,,ロック
262214148,1023,SMG,★★★★★,ヘンリエッタ,100,3263300,-,-,x5,,950,950,30,15,83,93,12,0,0,5,10,0,,,アンティークの万華鏡,100,,,ロック
262696382,1024,RF,★★★★★,リコ,100,3263300,-,-,x5,,400,400,130,80,33,37,7,0,0,40,10,0,,,バトルトランプ,150,誓約,2020-11-28 14:26,ロック
262902186,206,AR,★★★★★,AK-12,30,48403,0,0,x3,,216,216,29,23,20,59,10,0,0,20,1,0,,,,84,,,ロック
262952992,1026,MG,★★★★★,クラエス,62,486816,0,0,x1,,127,127,59,23,24,120,4,0,8,5,10,0,,伊達メガネ,,100,,,ロック
263042985,1027,AR,★★★★★,アンジェリカ,100,3263300,-,-,x5,,605,605,55,57,46,75,10,0,0,30,10,0,,,童話の絵本,100,,,ロック
264065229,261,RF,★★★★★,QBU-88,100,3263300,-,-,x5,,420,420,126,87,41,42,7,0,0,40,10,0,,,,100,,,ロック
264139563,144,SMG,★★★,MT-9,1,0,0,0,x1,,102,102,10,2,9,63,12,0,0,5,1,0,,,,100,,,ロック
264918954,266,RF,★★★★★,R93,100,3263300,-,-,x5,,405,405,133,97,34,39,7,0,0,40,10,0,,,,100,,,ロック
264948534,283,SG,★★★★,リベレーター,70,717000,0,0,x4,,784,784,29,9,12,27,6,16,4,40,1,0,,,,68,,,ロック
265698360,233,HG,★★★★★,Px4 ストーム,100,3263300,-,-,x5,,340,340,35,69,93,57,15,0,0,20,10,0,,,,100,,,ロック
265919626,287,AR,★★★★★,SIG-556,30,45000,0,0,x3,,237,237,29,18,18,59,10,0,0,20,10,0,,,,100,,,ロック
268547287,218,SMG,★★★,T77,1,0,0,0,x1,,93,93,10,2,10,66,12,0,0,5,1,0,,,,100,,,ロック
268939999,306,AR,★★★★★,AK-Alfa,100,3263300,-,-,x5,,580,580,56,53,52,75,10,0,0,20,10,0,,,,100,,,ロック
268959128,149,MG,★★★★,AEK-999,1,0,0,0,x1,,83,83,34,4,4,83,4,0,10,5,1,0,,,,100,,,ロック
268959343,237,AR,★★★★,SAR-21,100,3263300,-,-,x5,,580,580,44,46,38,80,10,0,0,20,1,0,,,,100,,,ロック
269293344,304,SMG,★★★★,SAF,70,717000,0,0,x4,,612,612,21,10,51,90,12,0,0,5,1,0,,,,100,,,ロック
269582665,307,MG,★★★★★,ZB-26,100,3263300,-,-,x5,,910,910,100,30,31,116,4,0,9,5,10,0,,,,100,,,ロック
269820768,7,HG,★★★★,スチェッキン,40,106132,0,0,x3,,174,174,18,21,32,53,15,0,0,20,1,0,,,,68,,,ロック
270189617,20097,HG,★★★★★★,M950A Mod,110,5298610,0,0,x5,Mod2,395,395,32,56,75,72,15,0,0,20,10,10,,,,100,,,ロック
270737951,35,RF,★★★,M1A1,1,0,0,0,x1,,42,42,35,10,6,26,7,0,0,40,1,0,,,,61,,,ロック
271910450,305,RF,★★★★,タブク,1,0,0,0,x1,,42,42,41,10,5,26,7,0,0,40,1,0,,,,100,,,ロック
272404477,255,RF,★★★,スカウト,1,0,0,0,x1,,45,45,43,10,5,24,7,0,0,40,1,0,,,,100,,,ロック
272497354,223,AR,★★★,Model L,1,0,0,0,x1,,55,55,19,6,6,50,10,0,0,20,1,0,,,,100,,,ロック
272498360,197,RF,★★★★★,カルカノ M1891,100,3263300,-,-,x5,,400,400,138,85,42,34,7,0,0,40,10,0,,,,100,,,ロック
273491812,20252,RF,★★★★★,KSVK Mod,116,13335020,0,0,x5,Mod3,450,450,164,86,31,32,7,0,0,40,10,10,12.7mm 1SL,,,200,誓約,2021-10-09 12:46,ロック
273492466,242,HG,★★★★★,P22,9,4400,0,0,x1,,38,38,12,13,21,43,15,0,0,20,10,0,,,,84,,,ロック
273515625,242,HG,★★★★★,P22,100,3263300,-,-,x5,,350,350,28,66,110,62,15,0,0,20,10,0,,,,100,,,ロック
273548926,242,HG,★★★★★,P22,100,3263300,-,-,x5,,350,350,28,66,110,62,15,0,0,20,10,0,,,,100,,,ロック
273550355,242,HG,★★★★★,P22,100,3263300,-,-,x5,,350,350,28,66,110,62,15,0,0,20,10,0,,,,100,,,ロック
273551015,242,HG,★★★★★,P22,100,3263300,-,-,x5,,350,350,28,66,110,62,15,0,0,20,10,0,,,,100,,,ロック
273703802,242,HG,★★★★★,P22,100,3263300,-,-,x5,,350,350,28,66,110,62,15,0,0,20,10,0,,,,100,,,ロック
273717750,242,HG,★★★★★,P22,100,3263300,-,-,x5,,350,350,28,66,110,62,15,0,0,20,10,0,,,,100,,,ロック
273750583,242,HG,★★★★★,P22,100,3263300,-,-,x5,,350,350,28,66,110,62,15,0,0,20,10,0,,,,100,,,ロック
273831633,251,SMG,★★★★★,X95,100,3263300,-,-,x5,,970,970,34,13,67,90,12,0,0,5,10,0,,,,100,,,ロック
273838391,242,HG,★★★★★,P22,100,3263300,-,-,x5,,350,350,28,66,110,62,15,0,0,20,10,0,,,,100,,,ロック
273881962,250,HG,★★★★★,HS2000,100,3263300,-,-,x5,,360,360,33,61,87,62,15,0,0,20,10,0,,,,100,,,ロック
273942860,253,MG,★★★★★,ルイス,100,3263300,-,-,x5,,950,950,102,31,31,116,4,0,10,5,10,0,,,,100,,,ロック
274258891,254,MG,★★★★,UKM-2000,1,0,0,0,x1,,85,85,35,4,4,81,4,0,11,5,1,0,,,,100,,,ロック
274532521,198,RF,★★★★★,カルカノ M91/38,100,3263300,-,-,x5,,365,365,146,90,44,34,7,0,0,40,10,0,,,,100,,,ロック
274566013,250,HG,★★★★★,HS2000,100,3263300,-,-,x5,,360,360,33,61,87,62,15,0,0,20,10,0,,,,100,,,ロック
275271391,250,HG,★★★★★,HS2000,42,129860,0,0,x1,,51,51,21,30,43,50,15,0,0,20,10,0,,,,100,,,ロック
276552368,230,RF,★★★,OBR,1,0,0,0,x1,,41,41,42,10,4,25,7,0,0,40,1,0,,,,100,,,ロック
276892584,257,RF,★★★★★,M200,100,3263300,-,-,x5,,440,440,145,96,31,34,7,0,0,40,10,0,,,,100,,,ロック
277956336,97,HG,★★★★★,M950A,30,47250,0,0,x2,,100,100,17,21,27,56,15,0,0,20,1,0,,,,85,,,ロック
277958667,303,HG,★★★★★,HP-35,100,3263300,-,-,x5,,380,380,31,64,89,58,15,0,0,20,10,0,,,,100,,,ロック
279053336,303,HG,★★★★★,HP-35,100,3263300,-,-,x5,,380,380,31,64,89,58,15,0,0,20,10,0,,,,100,,,ロック
279254655,263,MG,★★★★★,Gr MG36,100,3263300,-,-,x5,,910,910,85,34,36,129,4,0,10,5,10,0,,,,100,,,ロック
280077746,322,HG,★★★,QSB-91,4,945,0,0,x1,,36,36,14,10,11,37,15,0,0,20,1,0,,,,100,,,ロック
280234582,128,RF,★★★★★,M99,11,6000,0,0,x2,,98,98,63,17,7,23,7,0,0,40,1,0,,,,68,,,ロック
280237192,20095,RF,★★★★,漢陽88式 Mod,117,18750786,0,0,x5,Mod3,520,520,117,69,39,37,7,0,0,40,10,10,レールガンバレット,加速コイル,,200,誓約,2021-03-21 20:29,ロック
280501640,257,RF,★★★★★,M200,100,3263300,-,-,x5,,440,440,145,96,31,34,7,0,0,40,10,0,,,,100,,,ロック
280670589,312,RF,★★★★★,VSK-94,100,3263300,-,-,x5,,440,440,133,79,32,38,7,0,0,40,10,0,,,,100,,,ロック
280751585,190,SG,★★★,NS2000,1,0,0,0,x1,,127,127,13,2,2,19,6,3,5,40,1,0,,,,100,,,ロック
281172201,313,AR,★★★★★,S-ACR,100,3263300,-,-,x5,,620,620,46,45,42,91,10,0,0,20,10,0,,,,100,,,ロック
281765984,65,AR,★★★★★,416,11,6000,0,0,x2,,134,134,23,11,10,55,10,0,0,20,1,0,,,,84,,,ロック
282368067,1029,AR,★★★★★,エージェント416,100,3263300,-,-,x5,,605,605,51,46,44,76,10,0,0,20,10,0,Acog-(4X),556高速弾(爆破),416's go bag,100,,,ロック
283214671,259,SMG,★★★★★,PM-9,100,3263300,-,-,x5,,880,880,28,13,85,102,12,0,0,5,10,0,,,,100,,,ロック
286003027,289,AR,★★★★★,R5,1,0,0,0,x1,,62,62,20,7,6,51,10,0,0,20,1,0,,,,100,,,ロック
286966132,220,HG,★★★,MP-443,100,3263300,-,-,x5,,350,350,33,53,71,59,15,0,0,20,10,0,,,,100,,,ロック
287407335,152,SG,★★★,M1897,1,0,0,0,x1,,127,127,14,2,2,18,6,3,4,40,1,0,,,,100,,,ロック
287559060,241,RF,★★★,RT-20,1,0,0,0,x1,,45,45,56,10,4,18,7,0,0,40,1,0,,,,100,,,ロック
287683672,275,MG,★★★★,M1895 CB,100,3263300,-,-,x5,,950,950,90,26,23,131,4,0,10,5,10,0,,,,100,,,ロック
287806308,276,MG,★★★★★,Kord,100,3263300,-,-,x5,,990,990,109,22,21,110,4,0,9,5,10,0,,,,100,,,ロック
287949085,274,AR,★★★★★,ACR,100,3263300,-,-,x5,,580,580,54,54,48,77,10,0,0,30,10,0,,,,100,,,ロック
288507300,276,MG,★★★★★,Kord,73,894010,0,0,x4,,684,684,91,17,16,101,4,0,9,5,10,0,,,,100,,,ロック
288548320,273,RF,★★★★,SSG3000,100,3263300,-,-,x5,,440,440,126,77,30,37,7,0,0,40,10,0,,,,100,,,ロック
290147702,314,AR,★★★,StG-940,11,6000,0,0,x2,,122,122,22,11,10,50,10,0,0,20,1,0,,,,100,,,ロック
290472751,9,HG,★★,P38,63,488940,0,0,x3,,162,162,22,33,55,50,15,0,0,20,1,0,,,,100,,,ロック
290616124,92,SMG,★★,スペクトラM4,79,1187100,0,0,x4,,632,632,22,10,54,83,12,0,0,5,1,0,,,,100,,,ロック
290891981,324,SG,★★★★★,M6 ASW,100,3263300,-,-,x5,,1300,1300,39,15,14,28,6,22,4,40,10,0,,,,100,,,ロック
290892011,16,SMG,★★★★★,トンプソン,30,47184,0,0,x1,,154,154,18,5,22,65,12,0,0,5,1,0,,,,100,,,ロック
290892012,164,SG,★★★★★,FP-6,100,3263300,-,-,x5,,1300,1300,31,13,12,28,6,24,4,40,10,0,,,,100,,,ロック
290892128,282,SG,★★★★★,DP-12,100,3263300,-,-,x1,,253,253,31,13,13,30,6,23,5,40,1,0,,,,100,,,ロック
290892272,281,SG,★★★★★,CAWS,100,3263300,-,-,x5,,1235,1235,30,12,13,35,6,23,5,40,10,0,,,,100,,,ロック
290935046,325,SG,★★★★,PM5,11,6000,0,0,x2,,262,262,16,3,4,21,6,4,5,40,1,0,,,,100,,,ロック
291035350,167,HG,★★★,Gr HK45,30,45750,0,0,x3,,129,129,20,23,32,43,15,0,0,20,1,0,,,,96,,,ロック
291056195,232,HG,★★★,MP-448,11,6234,0,0,x2,,70,70,11,14,21,42,15,0,0,20,1,0,,,,100,,,ロック
291894312,311,SMG,★★★★★,Lusa,100,3263300,-,-,x5,,1025,1025,29,13,69,94,12,0,0,5,10,0,,,,100,,,ロック
292916467,198,RF,★★★★★,カルカノ M91/38,100,3263300,-,-,x5,,365,365,146,90,44,34,7,0,0,40,10,0,,,,100,,,ロック
293691765,330,AR,★★★★,FX-05,100,3263300,-,-,x5,,550,550,54,55,47,69,10,0,0,20,10,0,,,,100,,,ロック
293691843,286,SMG,★★★★,K-PDW,30,45000,0,0,x3,,351,351,19,6,28,64,12,0,0,5,1,0,,,,100,,,ロック
293692386,329,RF,★★★★★,SVCh,100,3263300,-,-,x5,,435,435,144,97,30,35,7,0,0,40,10,0,,,,100,,,ロック
293692387,53,RF,★★★★★,NTW-20,11,6000,0,0,x2,,102,102,67,16,7,22,7,0,0,40,1,0,,,,68,,,ロック
294397571,120,AR,★★★,ARX-160,11,6000,0,0,x2,,110,110,22,11,11,53,10,0,0,20,1,0,,,,66,,,ロック
294720527,65,AR,★★★★★,416,100,3263300,-,-,x1,,121,121,51,46,44,76,10,0,0,20,2,0,,,,100,,,ロック
294868809,284,RF,★★★,Zas M76,11,6000,0,0,x2,,94,94,47,17,9,27,7,0,0,40,1,0,,,,91,,,ロック
296970686,301,SMG,★★★,MAS-38,1,0,0,0,x1,,96,96,10,2,10,57,12,0,0,5,1,0,,,,100,,,ロック
297227999,96,HG,★★★★★,グリズリー,100,3263300,-,-,x4,,344,344,38,51,66,54,15,0,0,20,10,0,,,,100,,,ロック
297452771,20026,SMG,★★★★★,Gr MP5 Mod,120,30283300,-,-,x5,Mod3,905,905,32,14,71,90,12,0,0,5,10,10,GSG UX外骨格,,LEDウェポンライト,200,誓約,2021-08-12 23:30,ロック
297648193,280,SMG,★★★★,MAT-49,100,3263300,-,-,x5,,925,925,29,14,73,80,12,0,0,5,1,0,,,,100,,,ロック
297804693,288,AR,★★★★,CR-21,90,2056950,0,0,x5,,525,525,45,48,39,78,10,0,0,20,1,0,,,,100,,,ロック
297805221,236,AR,★★★★★,K11,100,3263300,-,-,x5,,675,675,53,54,37,76,10,0,0,20,10,0,,,,100,,,ロック
298204068,78,MG,★★★★,M60,1,0,0,0,x1,,91,91,34,4,4,76,4,0,9,5,1,0,,,,100,,,ロック
298239048,326,SG,★★★★,512,100,3263300,-,-,x5,,1280,1280,37,15,13,31,6,20,3,40,10,0,,,,100,,,ロック
298728389,214,AR,★★★★★,ADS,100,3263300,-,-,x5,,605,605,50,54,45,78,10,0,0,20,10,0,,,,100,,,ロック
298933734,310,HG,★★★★,Rex Zero 1,1,0,0,0,x1,,35,35,12,8,10,42,15,0,0,20,1,0,,,,100,,,ロック
299161925,252,RF,★★★★,KSVK,70,726000,0,0,x4,,300,300,126,57,22,28,7,0,0,40,1,0,,,,68,,,ロック
299527802,20252,RF,★★★★★,KSVK Mod,120,30283300,-,-,x5,Mod3,455,455,165,87,31,32,7,0,0,40,10,10,12.7mm 1SL,,,200,誓約,2021-10-10 14:49,ロック
299717730,279,AR,★★★,INSAS,1,0,0,0,x1,,55,55,18,7,6,48,10,0,0,20,1,0,,,,100,,,ロック
299721298,121,MG,★★★★,Mk48,100,3263300,-,-,x5,,870,870,90,25,26,112,4,0,10,5,1,0,,,,100,,,ロック
299725815,20125,MG,★★★★★★,Gr MG4 Mod,115,11154622,0,0,x5,Mod3,925,925,92,37,35,140,4,0,10,5,10,10,Mk4 SLAP,MG4用MGO,,100,,,ロック
299727610,137,SMG,★★★★,PP-19-01,70,726000,0,0,x4,,660,660,23,10,51,78,12,0,0,5,1,0,,,,100,,,ロック
299727991,185,MG,★★★★,Ameli,100,3263300,-,-,x5,,705,705,83,38,42,149,4,0,8,5,1,0,,,専用戦術メモリ,100,,,ロック
299730377,292,MG,★★★★★,RPK-16,100,3263300,-,-,x5,,825,825,85,37,36,129,4,0,10,5,10,0,,,,100,,,ロック
299922506,294,HG,★★★★★,ウェブリー,100,3263300,-,-,x5,,430,430,29,66,81,57,15,0,0,20,10,0,,,,100,,,ロック
299973981,323,SG,★★★★★,LTLX7000,100,3263300,-,-,x5,,1375,1375,23,14,11,28,6,25,5,40,10,0,,,,100,,,ロック
300048932,297,AR,★★★★,FI M82,31,51500,0,0,x1,,74,74,28,18,18,58,10,0,0,20,1,0,,,,86,,,ロック
300073652,293,AR,★★★★★,AK-15,100,3263300,-,-,x5,,550,550,58,52,51,77,10,0,0,20,10,0,,,,100,,,ロック
300100990,267,SMG,★★★,MP41,11,6000,0,0,x2,,214,214,13,4,14,55,12,0,0,5,1,0,,,,91,,,ロック
300132735,295,SMG,★★★★,CF-05,1,0,0,0,x1,,96,96,10,2,10,61,12,0,0,5,1,0,,,,100,,,ロック
300193910,296,RF,★★★★★,Gr SL8,100,3263300,-,-,x5,,425,425,120,78,39,41,7,0,0,40,10,0,,,,100,,,ロック
300970133,272,HG,★★★★★,デザートイーグル,100,3263300,-,-,x5,,365,365,41,57,66,55,15,0,0,40,10,0,,,,100,,,ロック
301068566,272,HG,★★★★★,デザートイーグル,11,6000,0,0,x2,,80,80,17,13,14,38,15,0,0,40,1,0,,,,87,,,ロック
301098080,340,AR,★★★★★,TKB-408,100,3263300,-,-,x5,,580,580,55,51,48,72,10,0,0,20,10,0,,,,100,,,ロック
301969087,20026,SMG,★★★★★,Gr MP5 Mod,115,10139232,0,0,x5,Mod3,900,900,31,14,71,90,12,0,0,5,10,10,GSG UX外骨格,,LEDウェポンライト,200,誓約,2021-09-11 15:13,ロック
302026114,20095,RF,★★★★,漢陽88式 Mod,115,10083300,-,-,x5,Mod2,520,520,117,68,38,37,7,0,0,40,10,10,レールガンバレット,,,100,,,ロック
302841798,170,AR,★★★,ASh-12.7,1,0,0,0,x1,,55,55,22,5,4,39,10,0,0,20,1,0,,,,100,,,ロック
304319319,323,SG,★★★★★,LTLX7000,100,3263300,-,-,x5,,1375,1375,23,14,11,28,6,25,5,40,10,0,,,,100,,,ロック
305398873,209,SMG,★★★,OTs-39,1,0,0,0,x1,,96,96,11,2,10,52,12,0,0,5,1,0,,,,100,,,ロック
307594380,292,MG,★★★★★,RPK-16,26,33000,0,0,x1,,104,104,43,13,12,95,4,0,10,5,1,0,,,,100,,,ロック
307890009,300,MG,★★★,CAR,1,0,0,0,x1,,83,83,34,4,4,76,4,0,8,5,1,0,,,,100,,,ロック
308067599,339,MG,★★★★★,RPK-203,100,3263300,-,-,x5,,825,825,91,34,36,124,4,0,9,5,10,0,,,,100,,,ロック
308895124,140,HG,★★★,PSM,25,30800,0,0,x1,,35,35,12,23,37,48,15,0,0,20,1,0,,,,72,,,ロック
309005951,1031,RF,★★★★★,ぺこら,100,3263300,-,-,x5,,440,440,126,80,40,37,7,0,0,40,10,0,,,夢のドーナツ,100,,,ロック
309017295,192,RF,★★★★★,JS05,1,0,0,0,x1,,45,45,52,10,4,20,7,0,0,40,1,0,,,,84,,,ロック
309017508,1034,SG,★★★★★,ミノス,100,3263300,-,-,x5,,1430,1430,39,12,11,24,6,22,4,40,10,0,,,揺れる魔の鐘,100,,,ロック
309019587,1030,SMG,★★★★★,邪神ちゃん,1,0,0,0,x1,,102,102,9,2,9,54,12,0,0,5,10,0,,,,64,,,ロック
309048856,1032,AR,★★★★★,メデューサ,100,3263300,-,-,x5,,605,605,58,57,47,73,10,0,0,30,10,0,,,紙袋のヘルメット,100,,,ロック
309261020,1033,MG,★★★★★,花園ゆりね,100,3263300,-,-,x5,,910,910,93,29,24,128,4,0,10,5,10,0,,魔導書下巻,,150,誓約,2022-06-23 11:10,ロック
310538772,320,RF,★★★,GM6 Lynx,1,0,0,0,x1,,42,42,51,10,4,23,7,0,0,40,1,0,,,,66,,,ロック
310722541,95,RF,★★★,漢陽88式,30,45000,0,0,x3,,198,198,60,24,15,24,7,0,0,40,10,0,,,,100,,,ロック
311035393,337,RF,★★★★★,デ・リーズル,100,3263300,-,-,x5,,510,510,109,87,38,37,7,0,0,40,10,0,,,,100,,,ロック
311336741,145,RF,★★★,OTs-44,30,45000,0,0,x3,,156,156,83,26,13,25,7,0,0,40,1,0,,,,100,,,ロック
312637884,317,RF,★★★★,モンドラゴンM1908,1,0,0,0,x1,,42,42,40,9,4,27,7,0,0,40,1,0,,,,100,,,ロック
312642185,316,RF,★★★★★,劉氏歩槍,100,3263300,-,-,x5,,400,400,139,88,30,40,7,0,0,40,10,0,,,,100,,,ロック
312650714,319,MG,★★★★,PM1910,1,0,0,0,x1,,95,95,34,4,4,72,4,0,10,5,1,0,,,,100,,,ロック
312650715,318,AR,★★★★★,VHS,1,0,0,0,x1,,58,58,19,6,6,51,10,0,0,20,10,0,,,,84,,,ロック
313299386,327,SMG,★★★,SUB-2000,1,0,0,0,x1,,97,97,10,2,9,59,12,0,0,5,1,0,,,,66,,,ロック
313723156,315,SMG,★★★★★,AUG Para,100,3263300,-,-,x5,,925,925,29,15,83,88,12,0,0,5,10,0,,,,100,,,ロック
313744590,323,SG,★★★★★,LTLX7000,100,3263300,-,-,x5,,1375,1375,23,14,11,28,6,25,5,40,10,0,,,,100,,,ロック
314771586,316,RF,★★★★★,劉氏歩槍,44,151200,0,0,x3,,171,171,87,44,16,32,7,0,0,40,10,0,,,,100,,,ロック
316042300,299,SG,★★★,HSM10,1,0,0,0,x1,,124,124,13,2,2,19,6,3,4,40,1,0,,,,100,,,ロック
316678438,321,SG,★★★,TS12,1,0,0,0,x1,,121,121,13,2,2,21,6,3,3,40,1,0,,,,100,,,ロック
317887323,308,RF,★★★,C14,11,6000,0,0,x2,,102,102,56,17,7,23,7,0,0,40,1,0,,,,100,,,ロック
318247457,198,RF,★★★★★,カルカノ M91/38,100,3263300,-,-,x5,,365,365,146,90,44,34,7,0,0,40,10,0,,,,100,,,ロック
318249793,348,RF,★★★★★,HS.50,100,3263300,-,-,x5,,440,440,159,84,29,33,7,0,0,40,10,0,,,,100,,,ロック
318286948,336,SMG,★★★★,PPD-40,11,6000,0,0,x2,,204,204,12,4,17,64,12,0,0,5,1,0,,,,100,,,ロック
318286980,347,SMG,★★★★★,SR2,100,3263300,-,-,x5,,1040,1040,31,14,65,92,12,0,0,5,10,0,,,,100,,,ロック
318287268,349,AR,★★★★,AK74M,100,3263300,-,-,x5,,550,550,51,57,45,73,10,0,0,20,1,0,,,,100,,,ロック
318287504,346,HG,★★★★,CZ100,1,0,0,0,x1,,37,37,11,7,11,40,15,0,0,20,1,0,,,,100,,,ロック
319458276,1017,HG,★★★★★,ジル・スティングレイ,100,3263300,-,-,x5,,400,400,30,53,96,55,15,0,0,20,10,0,フラナガイド,アデルハイド,デルタパウダー,100,,,ロック
320153559,309,HG,★★★,WKp,1,0,0,0,x1,,40,40,14,6,8,29,15,0,0,20,1,0,,,,79,,,ロック
323616078,169,SMG,★★★,SCW,1,0,0,0,x1,,84,84,12,2,10,65,12,0,0,5,1,0,,,,100,,,ロック
324274138,198,RF,★★★★★,カルカノ M91/38,100,3263300,-,-,x5,,365,365,146,90,44,34,7,0,0,40,10,0,,,,100,,,ロック
324688480,71,AR,★★,ガリル,1,0,0,0,x1,,53,53,17,5,5,43,10,0,0,20,1,0,,,,100,,,ロック
324688504,87,MG,★★,MG34,1,0,0,0,x1,,83,83,32,3,4,83,4,0,10,5,1,0,,,,100,,,ロック
324712931,247,RF,★★★★,K31,11,6000,0,0,x2,,86,86,54,17,9,28,7,0,0,40,1,0,,,,99,,,ロック
324713107,353,SG,★★★★,MAG-7,1,0,0,0,x1,,121,121,17,2,2,18,6,3,5,40,1,0,,,,100,,,ロック
324713108,158,SG,★★★,KS-23,11,6000,0,0,x2,,304,304,20,3,3,19,6,5,3,40,1,0,,,,66,,,ロック
324713184,350,SG,★★★★★,FO-12,100,3263300,-,-,x5,,1280,1280,30,13,11,36,6,23,5,40,10,0,,,,100,,,ロック
324713245,351,SG,★★★★★,M26-MASS,100,3263300,-,-,x5,,1265,1265,35,15,14,30,6,22,5,40,10,0,,,,100,,,ロック
324713605,165,SG,★★★★,M1014,1,0,0,0,x1,,138,138,12,2,2,22,6,3,4,40,1,0,,,,100,,,ロック
325138640,116,SMG,★★★,Z-62,11,6000,0,0,x2,,186,186,12,4,17,55,12,0,0,5,1,0,,,,66,,,ロック
325362623,335,AR,★★★★,フェドロフ,1,0,0,0,x1,,55,55,20,7,6,39,10,0,0,20,1,0,,,,100,,,ロック
325382851,291,SMG,★★★,43M,11,6000,0,0,x2,,204,204,13,4,12,63,12,0,0,5,1,0,,,,100,,,ロック
325387729,334,RF,★★★★★,Model 99,1,0,0,0,x1,,49,49,44,10,5,23,7,0,0,40,10,0,,,,84,,,ロック
325410971,332,HG,★★★★,デリンジャー,1,0,0,0,x1,,35,35,11,8,12,35,15,0,0,20,1,0,,,,100,,,ロック
325492671,333,SMG,★★★★★,VP1915,11,6000,0,0,x2,,224,224,12,3,16,68,12,0,0,5,10,0,,,,100,,,ロック
325545419,323,SG,★★★★★,LTLX7000,100,3263300,-,-,x5,,1375,1375,23,14,11,28,6,25,5,40,10,0,,,,100,,,ロック
326538458,352,SG,★★★★,Nova,11,6000,0,0,x2,,292,292,13,4,4,20,6,4,7,40,10,0,,,,91,,,ロック
326732879,112,MG,★★★★★,ネゲヴ,1,0,0,0,x1,,87,87,28,4,4,90,4,0,9,5,1,0,,,,68,,,ロック
326915418,323,SG,★★★★★,LTLX7000,100,3263300,-,-,x5,,1375,1375,23,14,11,28,6,25,5,40,10,0,,,,100,,,ロック
328702185,356,AR,★★★★★,A-545,100,3263300,-,-,x5,,550,550,55,53,49,82,10,0,0,20,10,0,,,,150,誓約,2022-11-13 09:16,ロック
328702414,104,SMG,★★★★★,Gr?G36c,30,45000,0,0,x2,,262,262,19,6,27,67,12,0,0,5,9,0,,,,100,,,ロック
328702680,355,SMG,★★★★,ビグネロン M2,30,45000,0,0,x3,,342,342,17,6,29,67,12,0,0,5,1,0,,,,99,,,ロック
329540959,187,AR,★★★★,Ak 5,100,3263300,-,-,x5,,580,580,51,48,38,75,10,0,0,20,10,0,,,,150,誓約,2022-09-18 13:06,ロック
330529253,198,RF,★★★★★,カルカノ M91/38,100,3263300,-,-,x5,,365,365,146,90,44,34,7,0,0,40,10,0,,,,100,,,ロック
330625256,352,SG,★★★★,Nova,100,3263300,-,-,x5,,1320,1320,31,13,16,29,6,19,7,40,10,0,,,,100,,,ロック
330997719,276,MG,★★★★★,Kord,1,0,0,0,x1,,99,99,41,3,3,76,4,0,9,5,1,0,,,,100,,,ロック
331249293,316,RF,★★★★★,劉氏歩槍,1,0,0,0,x1,,40,40,47,10,4,26,7,0,0,40,1,0,,,,100,,,ロック
331566294,200,RF,★★★★,XM3,1,0,0,0,x1,,41,41,45,11,4,23,7,0,0,40,2,0,,,,100,,,ロック
332044109,88,MG,★★★★,MG3,1,0,0,0,x1,,99,99,32,4,3,90,4,0,10,5,1,0,,,,99,,,ロック
332184388,125,MG,★★★★★,Gr MG4,1,0,0,0,x1,,91,91,28,4,4,90,4,0,9,5,1,0,,,,68,,,ロック
333071194,364,SMG,★★★★,MPK,100,3263300,-,-,x5,,925,925,30,13,75,78,12,0,0,5,10,0,,,,100,,,ロック
333071490,365,AR,★★★★★,SCR,13,9000,0,0,x2,,124,124,22,12,12,55,10,0,0,20,1,0,,,,86,,,ロック
333071549,363,SMG,★★★★,MPL,100,3263300,-,-,x5,,925,925,31,13,72,78,12,0,0,5,10,0,,,,100,,,ロック
333940379,302,SG,★★★★,ディフェンダー,100,3263300,-,-,x5,,1235,1235,38,13,17,27,6,18,8,40,10,0,,,,100,,,ロック
333984024,150,SMG,★★★★,シプカ,1,0,0,0,x1,,84,84,9,2,10,65,12,0,0,5,1,0,,,,74,,,ロック
333984122,328,SMG,★★★★,AR-57,11,6000,0,0,x2,,202,202,12,4,17,67,12,0,0,5,1,0,,,,50,,,ロック
334014704,23,SMG,★★★★,PP-90,11,6000,0,0,x2,,176,176,11,4,19,69,12,0,0,5,1,0,,,,74,,,ロック
334382357,364,SMG,★★★★,MPK,11,6000,0,0,x2,,204,204,13,4,16,55,12,0,0,5,1,0,,,,64,,,ロック
334493410,343,AR,★★★★,APC556,1,0,0,0,x1,,57,57,17,6,6,51,10,0,0,20,1,0,,,,67,,,ロック
334512587,344,AR,★★★★,FARA 83,1,0,0,0,x1,,55,55,17,7,6,52,10,0,0,20,1,0,,,,65,,,ロック
334594317,363,SMG,★★★★,MPL,100,3263300,-,-,x5,,925,925,31,13,72,78,12,0,0,5,10,0,,,,100,,,ロック
335011480,348,RF,★★★★★,HS.50,1,0,0,0,x1,,44,44,54,10,4,22,7,0,0,40,1,0,,,,74,,,ロック
335318845,350,SG,★★★★★,FO-12,100,3263300,-,-,x5,,1280,1280,30,13,11,36,6,23,5,40,10,0,,,,100,,,ロック
335468214,341,SMG,★★★★★,SP9,30,45000,0,0,x3,,429,429,16,6,26,68,12,0,0,5,10,0,,,,74,,,ロック
336291064,331,HG,★★★★★,コリブリ,1,0,0,0,x1,,33,33,5,7,15,38,15,0,0,20,1,0,,,,50,,,ロック
336689625,47,RF,★★,G43,1,0,0,0,x1,,40,40,41,8,4,27,7,0,0,40,1,0,,,,50,,,
336689653,47,RF,★★,G43,1,0,0,0,x1,,40,40,41,8,4,27,7,0,0,40,1,0,,,,50,,,
336689654,1,HG,★★★★,コルトSAA,1,0,0,0,x1,,40,40,12,6,9,31,15,0,0,20,1,0,,,,50,,,
336695800,40,RF,★★,SVT-38,1,0,0,0,x1,,42,42,43,8,5,24,7,0,0,40,1,0,,,,50,,,
336695834,82,MG,★★,DP28,1,0,0,0,x1,,71,71,31,4,4,76,4,0,9,5,1,0,,,,50,,,
336695865,133,AR,★★,63式,1,0,0,0,x1,,50,50,19,5,5,50,10,0,0,20,1,0,,,,50,,,
336695866,80,MG,★★★,M1919A4,1,0,0,0,x1,,91,91,36,4,3,69,4,0,9,5,1,0,,,,50,,,
336695967,91,HG,★★,MP-446,1,0,0,0,x1,,33,33,11,7,9,40,15,0,0,20,1,0,,,,50,,,
336696006,74,AR,★★,SIG-510,1,0,0,0,x1,,58,58,20,5,5,39,10,0,0,20,1,0,,,,50,,,
336696048,91,HG,★★,MP-446,1,0,0,0,x1,,33,33,11,7,9,40,15,0,0,20,1,0,,,,50,,,
336696052,29,SMG,★★★,ステンMK-II,1,0,0,0,x1,,93,93,9,2,9,52,12,0,0,5,1,0,,,,50,,,
336698913,8,HG,★★★,マカロフ,1,0,0,0,x1,,32,32,9,7,11,40,15,0,0,20,1,0,,,,50,,,
336698914,91,HG,★★,MP-446,1,0,0,0,x1,,33,33,11,7,9,40,15,0,0,20,1,0,,,,50,,,
336707058,33,SMG,★★,m45,1,0,0,0,x1,,93,93,12,2,9,52,12,0,0,5,1,0,,,,50,,,
336707070,105,AR,★★★,OTs-12,1,0,0,0,x1,,53,53,15,7,7,48,10,0,0,20,1,0,,,,50,,,
336707076,93,SMG,★★,IDW,1,0,0,0,x1,,75,75,9,2,10,49,12,0,0,5,1,0,,,,50,,,
336707077,47,RF,★★,G43,1,0,0,0,x1,,40,40,41,8,4,27,7,0,0,40,1,0,,,,50,,,
336707116,33,SMG,★★,m45,1,0,0,0,x1,,93,93,12,2,9,52,12,0,0,5,1,0,,,,50,,,
336707127,21,SMG,★★,PPSh-41,1,0,0,0,x1,,97,97,10,2,8,65,12,0,0,5,1,0,,,,50,,,
336707139,52,RF,★★,It BM59,1,0,0,0,x1,,49,49,43,8,4,27,7,0,0,40,1,0,,,,50,,,
336707173,3,HG,★★★,M9,1,0,0,0,x1,,38,38,11,8,9,42,15,0,0,20,1,0,,,,50,,,
336707661,82,MG,★★,DP28,1,0,0,0,x1,,71,71,31,4,4,76,4,0,9,5,1,0,,,,50,,,
336707685,5,HG,★★,M1895,1,0,0,0,x1,,35,35,11,6,11,29,15,0,0,20,1,0,,,,50,,,
336707707,110,MG,★★,FG42,1,0,0,0,x1,,75,75,32,4,5,83,4,0,8,5,1,0,,,,50,,,
336707716,47,RF,★★,G43,1,0,0,0,x1,,40,40,41,8,4,27,7,0,0,40,1,0,,,,50,,,
336707733,10,HG,★★,PPK,1,0,0,0,x1,,29,29,9,7,12,42,15,0,0,20,1,0,,,,50,,,
336707736,105,AR,★★★,OTs-12,1,0,0,0,x1,,53,53,15,7,7,48,10,0,0,20,1,0,,,,50,,,
252378510,262,AR,★★★★,EM-2,79,1224010,48910,12890,x4,,428,428,49,39,39,57,10,0,0,20,1,0,,,,100,,,ロック
297806776,20,SMG,★★★★★,Vector,100,3263300,-,-,x1,,185,58,30,11,71,101,12,0,0,5,10,0,#2プロセッサ,ILMホローポイント弾,EOT 518,100,,,ロック
298728268,155,SG,★★★★,M590,77,1081520,24120,33780,x4,,936,936,28,9,8,29,6,18,4,40,1,0,Type3防弾ベスト,,,100,,,ロック
322815597,348,RF,★★★★★,HS.50,82,1390820,24020,44080,x4,,320,320,140,71,25,31,7,0,0,40,10,0,,,,100,,,ロック
334534924,342,AR,★★★★★,KH2002,51,242903,6503,9597,x3,,300,300,36,29,22,66,10,0,0,20,1,0,,,,100,,,ロック
297806781,20,SMG,★★★★★,Vector,100,3263300,-,-,x1,,185,69,30,11,71,101,12,0,0,5,10,0,#2プロセッサ,16Labホローポイント弾,EOT 518,100,,,ロック
307589334,338,AR,★★★★★,SIG MCX,100,3263300,-,-,x5,,580,580,49,57,46,83,10,0,0,20,10,0,VFL 6-24X56,APCR高速弾,,100,,,ロック
273832151,242,HG,★★★★★,P22,100,3263300,-,-,x5,,350,350,28,66,110,62,15,0,0,20,10,0,AC4サイレンサー,信号弾,IOP T4外骨格,100,,,ロック
287844766,276,MG,★★★★★,Kord,100,3263300,-,-,x5,,990,990,109,22,21,110,4,0,9,5,10,0,Mk211徹甲榴弾,RMR T4レッドサイト,IOP多弾倉アサルトパック改,100,,,ロック
290355813,198,RF,★★★★★,カルカノ M91/38,100,3263300,-,-,x5,,365,365,146,90,44,34,7,0,0,40,10,0,M1022狙撃弾,VFL 6-24X56,熱光学迷彩マント,100,,,ロック
325362695,352,SG,★★★★,Nova,100,3263300,-,-,x5,,1320,1320,31,13,16,29,6,19,7,40,10,0,Type3防弾ベスト,散弾用閃光弾,ITI MARS,100,,,ロック
334535012,345,MG,★★★★★,MG338,100,3263300,-,-,x5,,870,870,104,26,26,125,4,0,9,5,10,0,Mk211徹甲榴弾,RMR T4レッドサイト,IOP多弾倉アサルトパック改,100,,,ロック
214903415,20002,HG,★★★★,M1911 Mod,116,12577334,294034,2705966,x5,Mod3,375,375,28,51,77,58,15,0,0,20,10,10,RMR T4レッドサイト,XM261拳銃弾,IOP X4外骨格,100,,,ロック
125628851,20114,HG,★★★★★★,ウェルロッドMkⅡ Mod,117,16667060,1383760,2616240,x5,Mod3,405,405,31,74,97,52,15,0,0,40,10,10,RMR T4レッドサイト,信号弾,特種作戦バッグ,200,誓約,2022-07-15 18:17,ロック
210868327,20221,HG,★★★★,GSh-18 Mod,116,12395819,112519,2887481,x5,Mod3,365,365,34,53,89,58,15,0,0,20,10,10,RMR T4レッドサイト,ILMホローポイント弾,IOP X4外骨格,100,,,ロック
287751707,272,HG,★★★★★,デザートイーグル,100,3263300,-,-,x5,,365,365,41,57,66,55,15,0,0,40,10,0,RMR T4レッドサイト,ILMホローポイント弾,IOP X4外骨格,100,,,ロック
325227248,331,HG,★★★★★,コリブリ,100,3263300,-,-,x5,,330,330,15,59,128,58,15,0,0,20,10,0,RMR T4レッドサイト,信号弾,IOP X4外骨格,100,,,ロック
214481937,205,AR,★★★★★,AN-94,100,3263300,-,-,x5,,580,580,55,67,48,76,10,0,0,20,10,0,,,集中チップ,150,誓約,2020-11-08 00:02,ロック
198105079,20154,SG,★★★★,M500 Mod,115,10700874,617574,1582426,x5,Mod3,1345,1345,33,12,10,29,6,22,4,40,10,10,,,MGPアップグレードキット,100,,,ロック
310394201,201,RF,★★★,ゲパード M1,30,48000,3600,600,x3,,171,171,78,30,11,23,7,0,0,40,10,0,,,,100,,,ロック
322139528,20161,SG,★★★★★,97式散 Mod,115,11070000,986700,1213300,x5,Mod3,1345,1345,36,13,14,28,6,22,3,40,10,10,戦術機動シールド,,,100,,,ロック
324883204,20159,SG,★★★★,RMB-93 Mod,115,10083300,0,2200000,x5,Mod3,1235,1235,33,12,14,29,6,23,4,40,10,10,翼状機械シールド,,,100,,,ロック
336009887,331,HG,★★★★★,コリブリ,1,0,0,100,x1,,33,33,5,7,15,38,15,0,0,20,10,0,,,,79,,,ロック
55547193,20103,SMG,★★★★★,UMP45 Mod,115,10351904,268604,1931396,x5,Mod3,970,970,29,14,76,83,12,0,0,5,10,10,,,追加演算モジュール,100,,,ロック
197992024,6,HG,★★★,トカレフ,100,3263300,-,-,x5,,430,430,31,47,66,52,15,0,0,20,1,0,,,,100,,,ロック
209428603,3,HG,★★★,M9,100,3263300,-,-,x5,,380,380,29,56,66,61,15,0,0,20,10,0,M9 BC2グリップ,,,100,,,ロック
293691924,328,SMG,★★★★,AR-57,100,3263300,-,-,x5,,915,915,26,14,74,92,12,0,0,5,10,0,,,,100,,,ロック
297452769,20026,SMG,★★★★★,Gr MP5 Mod,115,11285580,1202280,997720,x5,Mod3,900,900,31,14,71,90,12,0,0,5,10,10,GSG UX外骨格,,,200,誓約,2021-07-27 20:50,ロック
11539008,27,SMG,★★★,スコーピオン,100,3263300,-,-,x5,,795,795,24,13,83,95,12,0,0,5,10,0,,RIP380ACP,,100,,,ロック
30685198,70,AR,★★★,FF FNC,100,3263300,-,-,x5,,550,550,51,46,37,73,10,0,0,20,10,0,,,,100,,,ロック
181440619,22,SMG,★★★,PPS-43,100,3263300,-,-,x5,,880,880,33,13,65,74,12,0,0,5,10,0,,,,100,,,ロック
219205324,256,RF,★★★,ファルコン,100,3263300,-,-,x5,,440,440,140,71,28,32,7,0,0,40,10,0,,,,100,,,ロック
283801447,298,AR,★★★,Vepr,100,3263300,-,-,x5,,550,550,48,49,47,71,10,0,0,20,10,0,,,,100,,,ロック
23916779,105,AR,★★★,OTs-12,100,3263300,-,-,x5,,525,525,42,54,54,72,10,0,0,20,1,0,,,,100,,,ロック
34148758,20057,AR,★★★★★,ST AR-15 Mod,120,30283300,-,-,x5,Mod3,540,540,50,55,52,78,10,0,0,20,10,10,軽量化レールキット,,.300BLK高速弾,200,誓約,2020-01-17 19:08,ロック
251351667,20159,SG,★★★★,RMB-93 Mod,115,10116510,33210,2166790,x5,Mod3,1235,1235,33,12,14,29,6,23,4,40,10,10,翼状機械シールド,,,100,,,ロック
255298844,244,HG,★★★,TEC-9,100,3263300,-,-,x5,,415,415,28,46,63,63,15,0,0,20,10,0,,,,100,,,ロック
318976267,1022,SG,★★★★★,デイナ・ゼイン,100,3263300,-,-,x5,,1345,1345,38,15,13,26,6,22,1,40,10,0,機械の義腕,,,100,,,ロック
23159817,20026,SMG,★★★★★,Gr MP5 Mod,115,11334900,1251600,948400,x5,Mod3,900,900,31,14,71,90,12,0,0,5,10,10,,,LEDウェポンライト,200,誓約,2021-03-19 17:28,ロック
23247361,20064,AR,★★★★★,Gr G36 Mod,120,30283300,-,-,x5,Mod3,650,650,51,48,45,76,10,0,0,20,10,10,G36ハイブリッドサイト,,,200,誓約,2020-11-05 09:24,ロック
184949804,1017,HG,★★★★★,ジル・スティングレイ,100,3263300,-,-,x5,,400,400,30,53,96,55,15,0,0,20,10,0,アデルハイド,カルモトリン,デルタパウダー,100,,,ロック
196244095,20060,AR,★★★★★,AS Val Mod,118,20954960,1671660,3328340,x5,Mod3,675,675,42,51,51,76,10,0,0,20,10,10,,SP6サブソニック弾,,200,誓約,2022-03-04 20:27,ロック
281724607,1028,SMG,★★★★★,エージェントVector,100,3263300,-,-,x5,,925,925,30,11,71,101,12,0,0,5,10,0,go bag 「V」,.45ホローポイント弾(燃焼),Osprey45サイレンサー,100,,,ロック
186017977,142,HG,★★★★★,Five-seven,100,3263300,-,-,x5,,315,315,31,57,97,66,15,0,0,20,10,0,,,,100,,,ロック
196361009,196,AR,★★★★★,Zas M21,100,3263300,-,-,x5,,605,605,55,48,41,74,10,0,0,20,10,0,,,,100,,,ロック
198091643,20081,MG,★★★★,LWMMG Mod,115,10247961,0,0,x5,Mod3,885,885,102,27,24,92,4,0,10,5,10,10,,,,100,,,ロック
328702765,354,HG,★★★★,ZiP .22,100,3263300,-,-,x5,,330,330,31,40,85,63,15,0,0,20,10,0,,,,100,,,ロック
333012141,302,SG,★★★★,ディフェンダー,100,3263300,-,-,x5,,1235,1235,38,13,17,27,6,18,8,40,10,0,,20Gカスタムスラッグ弾,,100,,,ロック
