日付,戦役ID,戦役,戦役回数,銃種,人形,レアリティ,コア,種類,明色,レアリティ
2023-01-30 18:29:19,5,演習訓練,1,HG,M1911,2,0,,,
2023-01-30 18:34:50,6,傷者移送,1,HG,M1895,2,0,,,
2023-01-30 18:35:39,6,傷者移送,1,HG,M1895,2,0,,,
2023-01-30 18:35:59,6,傷者移送,1,HG,PPK,2,0,,,
2023-01-30 18:36:22,6,傷者移送,1,HG,PPK,2,0,,,
2023-01-30 18:36:33,6,傷者移送,1,HG,P38,2,0,,,
2023-01-30 18:38:29,7,異常調査,0,HG,PPK,2,0,,,
2023-01-30 18:39:39,7,異常調査,0,HG,M1895,2,0,,,
2023-01-30 18:40:12,7,異常調査,0,HG,PPK,2,0,,,
2023-01-30 18:40:17,7,異常調査,0,HG,M1911,2,0,,,
2023-01-30 18:46:55,8,失踪人物,0,HG,M1895,2,0,,,
2023-01-30 18:48:17,8,失踪人物,0,HG,FF FNP9,2,0,,,
2023-01-30 18:50:31,8,失踪人物,0,HG,M1895,2,0,,,
2023-01-30 18:54:08,9,救援信号,0,HG,PPK,2,0,,,
2023-01-30 18:54:34,9,救援信号,0,HG,M1911,2,0,,,
2023-01-30 18:54:57,9,救援信号,0,HG,MP-446,2,0,,,
2023-01-30 18:55:16,9,救援信号,0,HG,M1895,2,0,,,
2023-01-30 18:55:57,9,救援信号,0,HG,PPK,2,0,,,
2023-01-30 18:56:03,9,救援信号,0,HG,M1895,2,0,,,
2023-01-30 18:58:48,10,除草作戦,0,HG,M1911,2,0,,,
2023-01-30 18:59:58,10,除草作戦,0,HG,FF FNP9,2,0,,,
2023-01-30 19:00:22,10,除草作戦,0,HG,M1895,2,0,,,
2023-01-30 19:01:03,10,除草作戦,0,HG,PPK,2,0,,,
2023-01-30 19:01:09,10,除草作戦,0,SMG,M3,2,0,,,
2023-01-30 19:28:12,15,追跡ログ,0,SMG,スペクトラM4,2,0,,,
2023-01-30 19:28:45,15,追跡ログ,0,AR,ガリル,2,0,,,
2023-01-30 19:29:39,16,緊急支援,0,HG,P38,2,0,,,
2023-01-30 19:31:53,16,緊急支援,0,HG,M1895,2,0,,,
2023-01-30 19:32:33,16,緊急支援,0,HG,P38,2,0,,,
2023-01-30 19:32:48,16,緊急支援,0,HG,M1911,2,0,,,
2023-01-30 19:43:13,17,敵情調査,0,HG,P38,2,0,,,
2023-01-30 19:44:10,17,敵情調査,0,SMG,スペクトラM4,2,0,,,
2023-01-30 19:44:38,17,敵情調査,0,HG,FF FNP9,2,0,,,
2023-01-30 19:46:56,17,敵情調査,0,HG,MP-446,2,0,,,
2023-01-30 19:47:55,17,敵情調査,0,HG,MP-446,2,0,,,
2023-01-30 19:55:36,18,資料収集,0,HG,MP-446,2,0,,,
2023-01-30 19:55:53,18,資料収集,0,SMG,MP40,2,0,,,
2023-01-30 19:57:43,19,追加依頼,0,HG,PPK,2,0,,,
2023-01-30 19:59:49,19,追加依頼,0,SMG,M3,2,0,,,
2023-01-30 20:00:20,19,追加依頼,0,HG,M1911,2,0,,,
2023-01-30 20:00:34,19,追加依頼,0,AR,StG44,3,1,,,
2023-01-30 20:04:36,20,作戦終了,0,SMG,IDW,2,0,,,
2023-01-30 20:05:41,20,作戦終了,0,HG,PPK,2,0,,,
2023-01-30 20:07:13,20,作戦終了,0,AR,Gr G3,2,0,,,
2023-01-30 20:08:04,20,作戦終了,0,SMG,MP40,2,0,,,
2023-01-30 20:24:08,11,上級訓練Ⅰ,1,SMG,M3,2,0,,,
2023-01-30 20:24:26,11,上級訓練Ⅰ,1,HG,P38,2,0,,,
2023-01-30 20:24:52,11,上級訓練Ⅰ,1,HG,P38,2,0,,,
2023-01-30 20:25:04,11,上級訓練Ⅰ,1,HG,M1911,2,0,,,
2023-01-30 20:26:11,12,上級訓練Ⅱ,0,HG,M1911,2,0,,,
2023-01-30 20:27:29,12,上級訓練Ⅱ,0,HG,P38,2,0,,,
2023-01-30 20:28:14,12,上級訓練Ⅱ,0,HG,M1911,2,0,,,
2023-01-30 20:29:08,12,上級訓練Ⅱ,0,HG,M1895,2,0,,,
2023-01-30 20:30:19,13,上級訓練Ⅲ,0,HG,P38,2,0,,,
2023-01-30 20:31:40,13,上級訓練Ⅲ,0,SMG,スペクトラM4,2,0,,,
2023-01-30 20:33:25,13,上級訓練Ⅲ,0,SMG,スペクトラM4,2,0,,,
2023-01-30 20:34:05,13,上級訓練Ⅲ,0,HG,M1895,2,0,,,
2023-01-30 20:34:25,13,上級訓練Ⅲ,0,AR,ガリル,2,0,,,
2023-01-30 20:36:47,14,上級訓練Ⅳ,0,AR,ガリル,2,0,,,
2023-01-30 20:37:45,14,上級訓練Ⅳ,0,HG,M1911,2,0,,,
2023-01-30 20:39:54,14,上級訓練Ⅳ,0,HG,M1911,2,0,,,
2023-01-30 20:42:50,14,上級訓練Ⅳ,0,SMG,イングラム,3,1,,,
2023-01-30 20:56:52,25,道を拓け,1,HG,MP-446,2,0,,,
2023-01-30 20:57:48,25,道を拓け,1,SMG,M38,2,0,,,
2023-01-30 20:59:23,25,道を拓け,1,HG,FF FNP9,2,0,,,
2023-01-30 21:00:25,25,道を拓け,1,HG,FF FNP9,2,0,,,
2023-01-30 21:03:28,26,情報入手,0,HG,M1911,2,0,,,
2023-01-30 21:04:10,26,情報入手,0,SMG,m45,2,0,,,
2023-01-30 21:05:02,26,情報入手,0,HG,FF FNP9,2,0,,,
2023-01-30 21:05:41,26,情報入手,0,SMG,IDW,2,0,,,
2023-01-30 21:07:03,27,秘密支援,0,AR,L85A1,2,0,,,
2023-01-30 21:13:01,27,秘密支援,0,AR,Gr G3,2,0,,,
2023-01-30 21:13:25,27,秘密支援,0,HG,MP-446,2,0,,,
2023-01-30 21:15:40,27,秘密支援,0,AR,L85A1,2,0,,,
2023-01-30 21:17:10,27,秘密支援,0,HG,M1911,2,0,,,
2023-01-30 21:18:38,27,秘密支援,0,HG,FF FNP9,2,0,,,
2023-01-30 21:20:31,27,秘密支援,0,HG,M1911,2,0,,,
2023-01-30 21:20:56,27,秘密支援,0,AR,Gr G3,2,0,,,
2023-01-30 21:21:02,27,秘密支援,0,SMG,スペクトラM4,2,0,,,
2023-01-30 21:21:58,28,防御作戦,0,AR,Gr G3,2,0,,,
2023-01-30 21:23:01,28,防御作戦,0,AR,L85A1,2,0,,,
2023-01-30 21:23:06,28,防御作戦,0,SMG,64式,2,0,,,
2023-01-30 21:24:11,29,高速反撃,0,HG,FF FNP9,2,0,,,
2023-01-30 21:24:37,29,高速反撃,0,AR,Gr G3,2,0,,,
2023-01-30 21:25:12,29,高速反撃,0,MG,DP28,2,0,,,
2023-01-30 21:25:23,29,高速反撃,0,RF,SKS,2,0,,,
2023-01-30 21:27:07,30,狩猟禁止,0,SMG,64式,2,0,,,
2023-01-30 21:31:52,30,狩猟禁止,0,MG,DP28,2,0,,,
2023-01-30 21:32:35,30,狩猟禁止,0,SMG,PP-2000,2,0,,,
2023-01-30 21:38:49,35,支援傭兵,0,HG,FF FNP9,2,0,,,
2023-01-30 21:39:29,35,支援傭兵,0,AR,ガリル,2,0,,,
2023-01-30 21:40:10,35,支援傭兵,0,HG,M1895,2,0,,,
2023-01-30 21:40:48,35,支援傭兵,0,HG,M1895,2,0,,,
2023-01-30 21:42:52,36,増援切断,0,AR,L85A1,2,0,,,
2023-01-30 21:43:30,36,増援切断,0,SMG,MP40,2,0,,,
2023-01-30 21:45:08,36,増援切断,0,MG,DP28,2,0,,,
2023-01-30 21:46:21,36,増援切断,0,SMG,64式,2,0,,,
2023-01-30 22:02:45,37,戦線突破,0,SMG,PP-2000,2,0,,,
2023-01-30 22:03:10,37,戦線突破,0,SMG,PP-2000,2,0,,,
2023-01-30 22:04:36,37,戦線突破,0,AR,L85A1,2,0,,,
2023-01-30 22:04:51,37,戦線突破,0,HG,M1911,2,0,,,
2023-01-30 22:05:59,37,戦線突破,0,RF,FF FN49,2,0,,,
2023-01-30 22:06:16,37,戦線突破,0,HG,PPK,2,0,,,
2023-01-30 22:07:39,38,仲間捜索,0,AR,Gr G3,2,0,,,
2023-01-30 22:08:01,38,仲間捜索,0,MG,DP28,2,0,,,
2023-01-30 22:08:30,38,仲間捜索,0,HG,M1895,2,0,,,
2023-01-30 22:09:03,38,仲間捜索,0,HG,PPK,2,0,,,
2023-01-30 22:10:27,38,仲間捜索,0,HG,P38,2,0,,,
2023-01-30 22:10:49,38,仲間捜索,0,SMG,スペクトラM4,2,0,,,
2023-01-30 22:11:27,38,仲間捜索,0,AR,Gr G3,2,0,,,
2023-01-30 22:11:44,38,仲間捜索,0,AR,L85A1,2,0,,,
2023-01-30 22:13:08,38,仲間捜索,0,MG,MG34,2,0,,,
2023-01-30 22:13:16,38,仲間捜索,0,RF,FF FN49,2,0,,,
2023-01-30 22:14:16,39,座標特定,0,AR,Gr G3,2,0,,,
2023-01-30 22:14:38,39,座標特定,0,SMG,PP-2000,2,0,,,
2023-01-30 22:15:06,39,座標特定,0,HG,アストラ,3,1,,,
2023-01-30 22:15:18,39,座標特定,0,RF,SVT-38,2,0,,,
2023-01-30 22:16:55,40,侵入排除,0,MG,DP28,2,0,,,
2023-01-30 22:17:19,40,侵入排除,0,MG,MG34,2,0,,,
2023-01-30 22:18:33,40,侵入排除,0,RF,FF FN49,2,0,,,
2023-01-30 22:18:38,40,侵入排除,0,HG,MP-446,2,0,,,
2023-01-30 22:28:20,10802,⑥,1,AR,FF F2000,2,0,,,
2023-01-30 22:29:55,10802,⑥,1,AR,ガリル,2,0,,,
2023-01-30 22:30:07,10802,⑥,1,MG,LWMMG,2,0,,,
2023-01-30 22:36:23,10804,⑬,0,AR,Gr G3,2,0,,,
2023-01-30 22:36:57,10804,⑬,0,AR,FF F2000,2,0,,,
2023-01-30 22:37:39,10804,⑬,0,SMG,M3,2,0,,,
2023-01-30 22:41:10,10805,Ⅲ,0,MG,DP28,2,0,,,
2023-01-30 22:42:40,10805,Ⅲ,0,MG,FG42,2,0,,,
2023-01-30 22:43:14,10805,Ⅲ,0,AR,SIG-510,2,0,,,
2023-01-30 22:44:35,10805,Ⅲ,0,AR,63式,2,0,,,
2023-01-30 22:49:53,10806,Ⅶ,0,AR,ガリル,2,0,,,
2023-01-30 23:10:14,10808,XIII,0,HG,P38,2,0,,,
2023-01-30 23:15:21,21,戦地サンプルⅠ,1,AR,SIG-510,2,0,,,
2023-01-30 23:15:25,21,戦地サンプルⅠ,1,HG,M1911,2,0,,,
2023-01-30 23:16:48,22,戦地サンプルⅡ,0,SMG,IDW,2,0,,,
2023-01-30 23:17:36,22,戦地サンプルⅡ,0,HG,PPK,2,0,,,
2023-01-30 23:17:55,22,戦地サンプルⅡ,0,SMG,ステンMK-II,3,1,,,
2023-01-30 23:18:18,22,戦地サンプルⅡ,0,SMG,スペクトラM4,2,0,,,
2023-01-30 23:18:39,22,戦地サンプルⅡ,0,AR,L85A1,2,0,,,
2023-01-30 23:18:44,22,戦地サンプルⅡ,0,AR,L85A1,2,0,,,
2023-01-30 23:20:06,23,戦地サンプルⅢ,0,SMG,IDW,2,0,,,
2023-01-30 23:20:26,23,戦地サンプルⅢ,0,HG,M1911,2,0,,,
2023-01-30 23:21:27,23,戦地サンプルⅢ,0,HG,PPK,2,0,,,
2023-01-30 23:21:37,23,戦地サンプルⅢ,0,HG,M1911,2,0,,,
2023-01-30 23:22:31,24,戦地サンプルⅣ,0,AR,SIG-510,2,0,,,
2023-01-30 23:22:56,24,戦地サンプルⅣ,0,SMG,M38,2,0,,,
2023-01-30 23:23:11,24,戦地サンプルⅣ,0,RF,G43,2,0,,,
2023-01-30 23:23:58,31,データ回収Ⅰ,1,HG,MP-446,2,0,,,
2023-01-30 23:25:45,31,データ回収Ⅰ,1,SMG,m45,2,0,,,
2023-01-30 23:25:56,31,データ回収Ⅰ,1,AR,SIG-510,2,0,,,
2023-01-30 23:27:08,32,データ回収Ⅱ,0,RF,FF FN49,2,0,,,
2023-01-30 23:27:31,32,データ回収Ⅱ,0,AR,Gr G3,2,0,,,
2023-01-30 23:27:50,32,データ回収Ⅱ,0,SMG,スペクトラM4,2,0,,,
2023-01-30 23:28:12,32,データ回収Ⅱ,0,SMG,M38,2,0,,,
2023-01-30 23:28:16,32,データ回収Ⅱ,0,SMG,M38,2,0,,,
2023-01-30 23:29:30,33,データ回収Ⅲ,0,HG,M1895,2,0,,,
2023-01-30 23:29:33,33,データ回収Ⅲ,0,HG,P38,2,0,,,
2023-01-30 23:33:15,34,データ回収Ⅳ,0,HG,P38,2,0,,,
2023-01-30 23:33:23,34,データ回収Ⅳ,0,HG,P38,2,0,,,
2023-01-30 23:40:53,90002,小さな配達人Ⅱ,0,,,,,BM 3-12X40,BM 3-12X40,2
2023-01-30 23:41:13,90002,小さな配達人Ⅱ,0,,,,,BM 3-12X40,BM 3-12X40,2
2023-01-30 23:41:34,90002,小さな配達人Ⅱ,0,,,,,AMP COMPM2,AMP COMPM2,2
2023-01-30 23:44:00,90003,小さな配達人Ⅲ,0,,,,,IOP X1外骨格,IOP X1外骨格,2
2023-01-30 23:44:44,90003,小さな配達人Ⅲ,0,,,,,EOT 512,EOT 512,3
2023-01-30 23:45:42,90003,小さな配達人Ⅲ,0,,,,,LRA 2-12x50,LRA 2-12x50,3
2023-01-30 23:54:41,90004,小さな配達人Ⅳ,0,,,,,M61徹甲弾,M61徹甲弾,2
2023-01-30 23:56:52,90004,小さな配達人Ⅳ,0,,,,,BM 3-12X40,BM 3-12X40,2
2023-01-31 00:08:40,10847,離散変化∞,1,AR,SIG-510,2,0,,,
2023-01-31 00:09:07,10847,離散変化∞,1,MG,DP28,2,0,,,
2023-01-31 00:09:38,10847,離散変化∞,1,HG,PPK,2,0,,,
2023-01-31 00:09:49,10847,離散変化∞,1,MG,FG42,2,0,,,
2023-01-31 00:27:24,10847,離散変化∞,2,AR,L85A1,2,0,,,
2023-01-31 00:27:53,10847,離散変化∞,2,SMG,64式,2,0,,,
2023-01-31 00:28:20,10847,離散変化∞,2,AR,StG44,3,1,,,
2023-01-31 00:28:33,10847,離散変化∞,2,SMG,PPS-43,3,1,,,
2023-01-31 00:29:16,10847,離散変化∞,3,SMG,64式,2,0,,,
2023-01-31 00:29:44,10847,離散変化∞,3,MG,DP28,2,0,,,
2023-01-31 00:30:12,10847,離散変化∞,3,RF,It BM59,2,0,,,
2023-01-31 00:30:25,10847,離散変化∞,3,HG,M1895,2,0,,,
2023-01-31 00:31:17,10847,離散変化∞,4,RF,It BM59,2,0,,,
2023-01-31 00:31:44,10847,離散変化∞,4,RF,SVT-38,2,0,,,
2023-01-31 00:32:12,10847,離散変化∞,4,SMG,m45,2,0,,,
2023-01-31 00:32:24,10847,離散変化∞,4,AR,63式,2,0,,,
2023-01-31 00:34:37,10847,離散変化∞,5,SMG,PPS-43,3,1,,,
2023-01-31 00:34:56,10847,離散変化∞,5,AR,SIG-510,2,0,,,
2023-01-31 00:35:17,10847,離散変化∞,5,AR,SIG-510,2,0,,,
2023-01-31 00:35:22,10847,離散変化∞,5,HG,M1895,2,0,,,
2023-01-31 00:36:00,10847,離散変化∞,6,AR,63式,2,0,,,
2023-01-31 00:36:22,10847,離散変化∞,6,SMG,PPSh-41,2,0,,,
2023-01-31 00:36:43,10847,離散変化∞,6,RF,SVT-38,2,0,,,
2023-01-31 00:36:48,10847,離散変化∞,6,RF,SVT-38,2,0,,,
2023-01-31 00:37:25,10847,離散変化∞,7,HG,MP-446,2,0,,,
2023-01-31 00:37:49,10847,離散変化∞,7,AR,L85A1,2,0,,,
2023-01-31 00:38:12,10847,離散変化∞,7,RF,It BM59,2,0,,,
2023-01-31 00:38:17,10847,離散変化∞,7,AR,L85A1,2,0,,,
2023-01-31 00:38:53,10847,離散変化∞,8,SMG,m45,2,0,,,
2023-01-31 00:39:15,10847,離散変化∞,8,HG,PPK,2,0,,,
2023-01-31 00:39:43,10847,離散変化∞,8,MG,FG42,2,0,,,
2023-01-31 00:39:52,10847,離散変化∞,8,MG,FG42,2,0,,,
2023-01-31 00:40:28,10847,離散変化∞,9,HG,Gr USPコンパクト,2,0,,,
2023-01-31 00:40:50,10847,離散変化∞,9,SMG,IDW,2,0,,,
2023-01-31 00:41:10,10847,離散変化∞,9,AR,SIG-510,2,0,,,
2023-01-31 00:41:15,10847,離散変化∞,9,HG,Gr USPコンパクト,2,0,,,
2023-01-31 00:46:41,10847,離散変化∞,10,AR,L85A1,2,0,,,
2023-01-31 00:47:03,10847,離散変化∞,10,HG,M1895,2,0,,,
2023-01-31 00:47:26,10847,離散変化∞,10,AR,63式,2,0,,,
2023-01-31 00:47:37,10847,離散変化∞,10,SMG,m45,2,0,,,
2023-01-31 01:00:31,10847,離散変化∞,11,HG,MP-446,2,0,,,
2023-01-31 01:00:54,10847,離散変化∞,11,AR,L85A1,2,0,,,
2023-01-31 01:01:12,10847,離散変化∞,11,AR,SIG-510,2,0,,,
2023-01-31 01:01:17,10847,離散変化∞,11,HG,P08,3,1,,,
2023-01-31 01:02:07,10847,離散変化∞,12,HG,MP-446,2,0,,,
2023-01-31 01:02:26,10847,離散変化∞,12,RF,SV-98,3,1,,,
2023-01-31 01:02:48,10847,離散変化∞,12,SMG,IDW,2,0,,,
2023-01-31 01:02:53,10847,離散変化∞,12,SMG,MP40,2,0,,,
2023-01-31 01:03:54,10847,離散変化∞,13,HG,M9,3,1,,,
2023-01-31 01:04:21,10847,離散変化∞,13,HG,P08,3,1,,,
2023-01-31 01:04:47,10847,離散変化∞,13,HG,MP-446,2,0,,,
2023-01-31 01:04:54,10847,離散変化∞,13,SMG,IDW,2,0,,,
2023-01-31 01:05:33,10847,離散変化∞,14,HG,MP-446,2,0,,,
2023-01-31 01:05:52,10847,離散変化∞,14,SMG,IDW,2,0,,,
2023-01-31 01:06:11,10847,離散変化∞,14,AR,SIG-510,2,0,,,
2023-01-31 01:06:16,10847,離散変化∞,14,AR,SIG-510,2,0,,,
2023-01-31 01:07:08,10847,離散変化∞,15,SMG,MP40,2,0,,,
2023-01-31 01:07:27,10847,離散変化∞,15,RF,It BM59,2,0,,,
2023-01-31 01:07:54,10847,離散変化∞,15,RF,It BM59,2,0,,,
2023-01-31 01:07:59,10847,離散変化∞,15,HG,MP-446,2,0,,,
2023-01-31 01:18:11,10051,起点,0,AR,L85A1,2,0,,,
2023-01-31 01:18:51,10051,起点,0,RF,SVT-38,2,0,,,
2023-01-31 01:19:16,10051,起点,0,MG,DP28,2,0,,,
2023-01-31 01:19:33,10051,起点,0,AR,L85A1,2,0,,,
2023-01-31 01:23:26,10847,離散変化∞,16,MG,FG42,2,0,,,
2023-01-31 01:23:44,10847,離散変化∞,16,SMG,PPSh-41,2,0,,,
2023-01-31 01:24:03,10847,離散変化∞,16,AR,L85A1,2,0,,,
2023-01-31 01:24:09,10847,離散変化∞,16,MG,DP28,2,0,,,
2023-01-31 01:24:51,10847,離散変化∞,17,HG,M1895,2,0,,,
2023-01-31 01:25:14,10847,離散変化∞,17,HG,MP-446,2,0,,,
2023-01-31 01:25:32,10847,離散変化∞,17,SMG,MP40,2,0,,,
2023-01-31 01:25:38,10847,離散変化∞,17,AR,SIG-510,2,0,,,
2023-01-31 01:26:28,10847,離散変化∞,18,SMG,PPSh-41,2,0,,,
2023-01-31 01:26:48,10847,離散変化∞,18,HG,MP-446,2,0,,,
2023-01-31 01:27:08,10847,離散変化∞,18,SMG,PPSh-41,2,0,,,
2023-01-31 01:27:13,10847,離散変化∞,18,HG,Gr USPコンパクト,2,0,,,
2023-01-31 07:11:41,41,記憶回想Ⅰ,1,MG,MG34,2,0,,,
2023-01-31 07:13:32,41,記憶回想Ⅰ,1,HG,MP-446,2,0,,,
2023-01-31 07:14:43,41,記憶回想Ⅰ,1,RF,SV-98,3,1,,,
2023-01-31 07:15:11,41,記憶回想Ⅰ,1,SMG,M3,2,0,,,
2023-01-31 07:16:03,42,記憶回想Ⅱ,0,RF,SVT-38,2,0,,,
2023-01-31 07:17:06,42,記憶回想Ⅱ,0,HG,P38,2,0,,,
2023-01-31 07:17:16,42,記憶回想Ⅱ,0,HG,M1895,2,0,,,
2023-01-31 07:17:59,43,記憶回想Ⅲ,0,HG,FF FNP9,2,0,,,
2023-01-31 07:18:14,43,記憶回想Ⅲ,0,RF,It BM59,2,0,,,
2023-01-31 07:18:28,43,記憶回想Ⅲ,0,RF,G43,2,0,,,
2023-01-31 07:18:45,43,記憶回想Ⅲ,0,RF,G43,2,0,,,
2023-01-31 07:18:48,43,記憶回想Ⅲ,0,HG,P38,2,0,,,
2023-01-31 07:19:53,44,記憶回想Ⅳ,0,SMG,M3,2,0,,,
2023-01-31 07:20:09,44,記憶回想Ⅳ,0,RF,SKS,2,0,,,
2023-01-31 07:20:42,44,記憶回想Ⅳ,0,SMG,IDW,2,0,,,
2023-01-31 07:20:47,44,記憶回想Ⅳ,0,SMG,IDW,2,0,,,
2023-01-31 07:27:16,10847,離散変化∞,19,HG,M1895,2,0,,,
2023-01-31 07:27:41,10847,離散変化∞,19,HG,PPK,2,0,,,
2023-01-31 07:28:08,10847,離散変化∞,19,RF,G43,2,0,,,
2023-01-31 07:28:20,10847,離散変化∞,19,SMG,64式,2,0,,,
2023-01-31 21:06:58,10811,IVA,2,RF,G43,2,0,,,
2023-01-31 21:13:58,10812,VIA,0,RF,SKS,2,0,,,
2023-01-31 21:37:21,47,反撃開始,1,RF,SKS,2,0,,,
2023-01-31 21:38:19,47,反撃開始,1,HG,M1895,2,0,,,
2023-01-31 21:39:07,47,反撃開始,1,MG,MG34,2,0,,,
2023-01-31 21:40:43,47,反撃開始,1,MG,MG34,2,0,,,
2023-01-31 21:40:59,47,反撃開始,1,SMG,M38,2,0,,,
2023-01-31 21:41:29,47,反撃開始,1,SMG,MP40,2,0,,,
2023-01-31 21:45:21,48,撤退保証,0,SMG,64式,2,0,,,
2023-01-31 21:45:43,48,撤退保証,0,HG,PPK,2,0,,,
2023-01-31 21:45:48,48,撤退保証,0,SMG,PP-2000,2,0,,,
2023-01-31 21:51:33,49,内部現象,0,RF,It BM59,2,0,,,
2023-01-31 21:53:00,49,内部現象,0,HG,FF FNP9,2,0,,,
2023-01-31 21:54:18,49,内部現象,0,MG,MG34,2,0,,,
2023-01-31 21:55:52,49,内部現象,0,HG,MP-446,2,0,,,
2023-01-31 21:56:39,50,追撃密令,0,HG,M1911,2,0,,,
2023-01-31 21:57:12,50,追撃密令,0,AR,L85A1,2,0,,,
2023-01-31 21:57:24,50,追撃密令,0,HG,M1895,2,0,,,
2023-01-31 22:09:29,55,ネゲヴ小隊,0,RF,G43,2,0,,,
2023-01-31 22:10:05,55,ネゲヴ小隊,0,RF,FF FN49,2,0,,,
2023-01-31 22:10:59,55,ネゲヴ小隊,0,HG,MP-446,2,0,,,
2023-01-31 22:11:05,55,ネゲヴ小隊,0,AR,ガリル,2,0,,,
2023-01-31 22:16:34,51,迷題解明Ⅰ,0,AR,SIG-510,2,0,,,
2023-01-31 22:16:42,51,迷題解明Ⅰ,0,HG,P38,2,0,,,
2023-01-31 22:18:08,52,迷題解明Ⅱ,0,AR,ガリル,2,0,,,
2023-01-31 22:18:25,52,迷題解明Ⅱ,0,HG,FF FNP9,2,0,,,
2023-01-31 22:18:30,52,迷題解明Ⅱ,0,HG,PPK,2,0,,,
2023-01-31 22:21:59,53,迷題解明Ⅲ,0,MG,MG34,2,0,,,
2023-01-31 22:22:23,53,迷題解明Ⅲ,0,SMG,MP40,2,0,,,
2023-01-31 22:23:17,53,迷題解明Ⅲ,0,HG,FF FNP9,2,0,,,
2023-01-31 22:23:40,53,迷題解明Ⅲ,0,HG,P08,3,1,,,
2023-01-31 22:23:54,53,迷題解明Ⅲ,0,AR,FF F2000,2,0,,,
2023-01-31 22:27:30,54,迷題解明Ⅳ,0,RF,FF FN49,2,0,,,
2023-01-31 22:28:15,54,迷題解明Ⅳ,0,HG,M1911,2,0,,,
2023-01-31 22:28:47,54,迷題解明Ⅳ,0,SMG,M38,2,0,,,
2023-01-31 22:28:59,54,迷題解明Ⅳ,0,AR,FF F2000,2,0,,,
2023-01-31 23:38:40,10847,離散変化∞,33,MG,DP28,2,0,,,
2023-01-31 23:39:05,10847,離散変化∞,33,HG,P08,3,1,,,
2023-01-31 23:39:29,10847,離散変化∞,33,SMG,PPS-43,3,1,,,
2023-01-31 23:39:42,10847,離散変化∞,33,SMG,MP40,2,0,,,
2023-01-31 23:40:32,10847,離散変化∞,34,AR,L85A1,2,0,,,
2023-01-31 23:40:51,10847,離散変化∞,34,HG,Gr USPコンパクト,2,0,,,
2023-01-31 23:41:15,10847,離散変化∞,34,RF,It BM59,2,0,,,
2023-01-31 23:41:28,10847,離散変化∞,34,RF,G43,2,0,,,
2023-01-31 23:42:19,10847,離散変化∞,35,SMG,IDW,2,0,,,
2023-01-31 23:42:43,10847,離散変化∞,35,AR,SIG-510,2,0,,,
2023-01-31 23:43:07,10847,離散変化∞,35,HG,トカレフ,3,1,,,
2023-01-31 23:43:12,10847,離散変化∞,35,RF,SSG3000,4,3,,,
2023-01-31 23:57:25,10812,VIA,5,RF,M14,3,1,,,
2023-01-31 23:57:48,10812,VIA,5,AR,FF F2000,2,0,,,
2023-02-01 00:06:19,10812,VIA,5,MG,AAT-52,2,0,,,
2023-02-01 00:10:22,10812,VIA,5,RF,FF FN49,2,0,,,
2023-02-01 00:12:21,10812,VIA,5,MG,MG34,2,0,,,
2023-02-01 00:15:23,10812,VIA,5,SMG,64式,2,0,,,
2023-02-01 00:16:19,10849,スピンエコー∞,0,HG,P22,5,5,,,
2023-02-01 00:16:53,10849,スピンエコー∞,0,SMG,M3,2,0,,,
2023-02-01 00:17:13,10849,スピンエコー∞,0,AR,ガリル,2,0,,,
2023-02-01 00:17:25,10849,スピンエコー∞,0,MG,MG34,2,0,,,
2023-02-01 00:19:26,10849,スピンエコー∞,0,SMG,64式,2,0,,,
2023-02-01 00:19:52,10849,スピンエコー∞,0,SMG,M38,2,0,,,
2023-02-01 00:20:18,10849,スピンエコー∞,0,SMG,スペクトラM4,2,0,,,
2023-02-01 00:20:31,10849,スピンエコー∞,0,MG,LWMMG,2,0,,,
2023-02-01 00:24:23,10849,スピンエコー∞,0,HG,M1911,2,0,,,
2023-02-01 00:24:49,10849,スピンエコー∞,0,HG,ブレン・テン,2,0,,,
2023-02-01 00:27:02,10849,スピンエコー∞,0,MG,MG34,2,0,,,
2023-02-01 00:27:15,10849,スピンエコー∞,0,MG,AAT-52,2,0,,,
2023-02-01 00:30:34,10849,スピンエコー∞,0,MG,AAT-52,2,0,,,
2023-02-01 00:31:00,10849,スピンエコー∞,0,AR,Gr G3,2,0,,,
2023-02-01 00:31:26,10849,スピンエコー∞,0,HG,M1911,2,0,,,
2023-02-01 00:31:38,10849,スピンエコー∞,0,AR,Gr G3,2,0,,,
2023-02-01 00:34:13,10849,スピンエコー∞,0,AR,FF F2000,2,0,,,
2023-02-01 00:34:38,10849,スピンエコー∞,0,AR,FF F2000,2,0,,,
2023-02-01 00:35:03,10849,スピンエコー∞,0,SMG,PP-2000,2,0,,,
2023-02-01 00:35:16,10849,スピンエコー∞,0,HG,ブレン・テン,2,0,,,
2023-02-01 00:36:36,10849,スピンエコー∞,6,AR,ガリル,2,0,,,
2023-02-01 00:37:02,10849,スピンエコー∞,6,SMG,Micro Uzi,3,1,,,
2023-02-01 00:37:27,10849,スピンエコー∞,6,MG,MG42,3,1,,,
2023-02-01 00:39:10,10849,スピンエコー∞,6,AR,Gr G3,2,0,,,
2023-02-01 00:39:56,10849,スピンエコー∞,7,AR,Gr G3,2,0,,,
2023-02-01 00:40:21,10849,スピンエコー∞,7,HG,M1911,2,0,,,
2023-02-01 00:40:46,10849,スピンエコー∞,7,HG,アストラ,3,1,,,
2023-02-01 00:40:59,10849,スピンエコー∞,7,RF,SKS,2,0,,,
2023-02-01 00:42:14,10849,スピンエコー∞,8,HG,ブレン・テン,2,0,,,
2023-02-01 00:42:39,10849,スピンエコー∞,8,HG,アストラ,3,1,,,
2023-02-01 00:42:56,10849,スピンエコー∞,8,RF,SKS,2,0,,,
2023-02-01 00:43:09,10849,スピンエコー∞,8,RF,FF FN49,2,0,,,
2023-02-01 00:43:44,10849,スピンエコー∞,9,MG,MG42,3,1,,,
2023-02-01 00:44:03,10849,スピンエコー∞,9,SMG,Micro Uzi,3,1,,,
2023-02-01 00:44:23,10849,スピンエコー∞,9,MG,MG34,2,0,,,
2023-02-01 00:44:32,10849,スピンエコー∞,9,HG,P38,2,0,,,
2023-02-01 00:50:26,1,準備運動,1,SMG,PP-2000,2,0,,,
2023-02-01 00:50:54,1,準備運動,1,SMG,IDW,2,0,,,
2023-02-01 00:51:04,1,準備運動,1,SMG,64式,2,0,,,
2023-02-01 00:53:31,2,裏面情報,0,MG,DP28,2,0,,,
2023-02-01 00:53:53,2,裏面情報,0,RF,SKS,2,0,,,
2023-02-01 00:54:15,2,裏面情報,0,AR,SIG-510,2,0,,,
2023-02-01 00:54:46,2,裏面情報,0,HG,M1911,2,0,,,
2023-02-01 00:55:07,2,裏面情報,0,HG,P08,3,1,,,
2023-02-01 00:55:38,2,裏面情報,0,RF,SVT-38,2,0,,,
2023-02-01 19:07:51,10813,delta,1,RF,G43,2,0,,,
2023-02-01 19:09:01,10813,delta,1,AR,L85A1,2,0,,,
2023-02-01 19:36:16,10815,theta,0,MG,DP28,2,0,,,
2023-02-01 19:37:02,10815,theta,0,MG,FG42,2,0,,,
2023-02-01 19:43:46,10815,theta,0,MG,DP28,2,0,,,
2023-02-01 19:45:46,10815,theta,0,SMG,m45,2,0,,,
2023-02-01 19:46:38,10815,theta,0,HG,PPK,2,0,,,
2023-02-01 19:48:15,10816,kappa,0,AR,Gr G3,2,0,,,
2023-02-01 19:56:45,56,二重救援,1,AR,ガリル,2,0,,,
2023-02-01 19:58:02,56,二重救援,1,HG,P38,2,0,,,
2023-02-01 19:58:19,56,二重救援,1,AR,SIG-510,2,0,,,
2023-02-01 20:06:48,57,再会,0,SMG,IDW,2,0,,,
2023-02-01 20:08:56,57,再会,0,RF,It BM59,2,0,,,
2023-02-01 20:17:26,58,監禁,0,MG,FG42,2,0,,,
2023-02-01 20:18:58,58,監禁,0,SMG,M38,2,0,,,
2023-02-01 20:21:29,59,意志,0,SMG,PP-2000,2,0,,,
2023-02-01 20:22:22,59,意志,0,RF,It BM59,2,0,,,
2023-02-01 20:24:11,59,意志,0,SMG,IDW,2,0,,,
2023-02-01 20:25:01,59,意志,0,RF,It BM59,2,0,,,
2023-02-01 20:25:11,59,意志,0,HG,M1895,2,0,,,
2023-02-01 20:26:28,60,遅すぎた告別,0,AR,ガリル,2,0,,,
2023-02-01 20:29:04,60,遅すぎた告別,0,SMG,PP-2000,2,0,,,
2023-02-01 20:29:27,60,遅すぎた告別,0,HG,M1911,2,0,,,
2023-02-01 20:31:02,60,遅すぎた告別,0,HG,M1895,2,0,,,
2023-02-01 20:31:07,60,遅すぎた告別,0,AR,ガリル,2,0,,,
2023-02-01 20:34:14,65,新たな仕事,0,AR,FF FNC,3,1,,,
2023-02-01 20:34:56,65,新たな仕事,0,AR,L85A1,2,0,,,
2023-02-01 20:35:14,65,新たな仕事,0,SMG,IDW,2,0,,,
2023-02-01 20:37:44,66,破壊工作,0,RF,It BM59,2,0,,,
2023-02-01 20:38:10,66,破壊工作,0,HG,M1895,2,0,,,
2023-02-01 20:39:05,66,破壊工作,0,HG,M1895,2,0,,,
2023-02-01 20:42:23,67,日常巡回,0,MG,DP28,2,0,,,
2023-02-01 20:44:01,67,日常巡回,0,HG,MP-446,2,0,,,
2023-02-01 20:45:17,67,日常巡回,0,SMG,IDW,2,0,,,
2023-02-01 20:45:28,67,日常巡回,0,MG,M1918,4,3,,,
2023-02-01 20:47:28,68,襲撃,0,RF,It BM59,2,0,,,
2023-02-01 20:48:28,68,襲撃,0,RF,G43,2,0,,,
2023-02-01 20:48:52,68,襲撃,0,HG,FF FNP9,2,0,,,
2023-02-01 20:56:30,69,鬼さんこちら,0,HG,M1895,2,0,,,
2023-02-01 20:59:09,69,鬼さんこちら,0,AR,63式,2,0,,,
2023-02-01 21:00:28,69,鬼さんこちら,0,SMG,IDW,2,0,,,
2023-02-01 21:01:50,70,再会,0,AR,AK-47,3,1,,,
2023-02-01 21:02:42,70,再会,0,HG,MP-446,2,0,,,
2023-02-01 21:33:10,70,再会,0,HG,MP-446,2,0,,,
2023-02-01 21:33:58,70,再会,0,SMG,スペクトラM4,2,0,,,
2023-02-01 21:34:43,70,再会,0,SMG,MP40,2,0,,,
2023-02-01 21:35:45,70,再会,0,HG,ブレン・テン,2,0,,,
2023-02-01 21:36:12,70,再会,0,SMG,スペクトラM4,2,0,,,
2023-02-02 20:06:45,10850,スピンエコー∞-EX,1,SMG,スペクトラM4,2,0,,,
2023-02-02 20:07:07,10850,スピンエコー∞-EX,1,MG,LWMMG,2,0,,,
2023-02-02 20:07:30,10850,スピンエコー∞-EX,1,HG,P38,2,0,,,
2023-02-02 20:07:52,10850,スピンエコー∞-EX,1,HG,P38,2,0,,,
2023-02-02 20:07:58,10850,スピンエコー∞-EX,1,SMG,Micro Uzi,3,1,,,
2023-02-02 20:09:45,10850,スピンエコー∞-EX,2,HG,P38,2,0,,,
2023-02-02 20:10:09,10850,スピンエコー∞-EX,2,SMG,M3,2,0,,,
2023-02-02 20:10:41,10850,スピンエコー∞-EX,2,SMG,PP-2000,2,0,,,
2023-02-02 20:11:05,10850,スピンエコー∞-EX,2,RF,SKS,2,0,,,
2023-02-02 20:11:18,10850,スピンエコー∞-EX,2,SMG,64式,2,0,,,
2023-02-02 20:12:10,10850,スピンエコー∞-EX,3,AR,Gr G3,2,0,,,
2023-02-02 20:12:42,10850,スピンエコー∞-EX,3,HG,ブレン・テン,2,0,,,
2023-02-02 20:13:14,10850,スピンエコー∞-EX,3,MG,MG34,2,0,,,
2023-02-02 20:13:48,10850,スピンエコー∞-EX,3,AR,FF FNC,3,1,,,
2023-02-02 20:14:00,10850,スピンエコー∞-EX,3,HG,M9,3,1,,,
2023-02-02 20:15:21,10850,スピンエコー∞-EX,4,HG,FF FNP9,2,0,,,
2023-02-02 20:15:54,10850,スピンエコー∞-EX,4,SMG,M3,2,0,,,
2023-02-02 20:16:29,10850,スピンエコー∞-EX,4,SMG,64式,2,0,,,
2023-02-02 20:17:01,10850,スピンエコー∞-EX,4,AR,Gr G3,2,0,,,
2023-02-02 20:17:14,10850,スピンエコー∞-EX,4,MG,MG34,2,0,,,
2023-02-02 20:18:13,10850,スピンエコー∞-EX,5,AR,ガリル,2,0,,,
2023-02-02 20:18:43,10850,スピンエコー∞-EX,5,RF,SKS,2,0,,,
2023-02-02 20:19:15,10850,スピンエコー∞-EX,5,RF,SKS,2,0,,,
2023-02-02 20:19:45,10850,スピンエコー∞-EX,5,RF,FF FN49,2,0,,,
2023-02-02 20:19:50,10850,スピンエコー∞-EX,5,SMG,M38,2,0,,,
2023-02-02 20:20:32,10850,スピンエコー∞-EX,6,MG,AAT-52,2,0,,,
2023-02-02 20:20:57,10850,スピンエコー∞-EX,6,AR,FF F2000,2,0,,,
2023-02-02 20:21:29,10850,スピンエコー∞-EX,6,AR,FF FNC,3,1,,,
2023-02-02 20:22:00,10850,スピンエコー∞-EX,6,SMG,スペクトラM4,2,0,,,
2023-02-02 20:22:13,10850,スピンエコー∞-EX,6,SMG,M3,2,0,,,
2023-02-02 20:55:36,10850,スピンエコー∞-EX,7,AR,Gr G3,2,0,,,
2023-02-02 20:55:58,10850,スピンエコー∞-EX,7,MG,AAT-52,2,0,,,
2023-02-02 20:56:21,10850,スピンエコー∞-EX,7,MG,AAT-52,2,0,,,
2023-02-02 20:56:46,10850,スピンエコー∞-EX,7,HG,ブレン・テン,2,0,,,
2023-02-02 20:56:54,10850,スピンエコー∞-EX,7,HG,ブレン・テン,2,0,,,
2023-02-02 20:59:05,10850,スピンエコー∞-EX,9,HG,マカロフ,3,1,,,
2023-02-02 20:59:36,10850,スピンエコー∞-EX,9,SMG,スコーピオン,3,1,,,
2023-02-02 21:00:05,10850,スピンエコー∞-EX,9,MG,LWMMG,2,0,,,
2023-02-02 21:00:40,10850,スピンエコー∞-EX,9,RF,FF FN49,2,0,,,
2023-02-02 21:00:45,10850,スピンエコー∞-EX,9,SMG,M38,2,0,,,
2023-02-02 21:03:23,10850,スピンエコー∞-EX,10,SMG,スペクトラM4,2,0,,,
2023-02-02 21:03:58,10850,スピンエコー∞-EX,10,SMG,M3,2,0,,,
2023-02-02 21:04:26,10850,スピンエコー∞-EX,10,AR,FF F2000,2,0,,,
2023-02-02 21:04:57,10850,スピンエコー∞-EX,10,AR,AK-47,3,1,,,
2023-02-02 21:05:06,10850,スピンエコー∞-EX,10,SMG,M3,2,0,,,
2023-02-02 21:05:56,10850,スピンエコー∞-EX,11,MG,MG34,2,0,,,
2023-02-02 21:06:27,10850,スピンエコー∞-EX,11,HG,ブレン・テン,2,0,,,
2023-02-02 21:06:56,10850,スピンエコー∞-EX,11,AR,ガリル,2,0,,,
2023-02-02 21:07:32,10850,スピンエコー∞-EX,11,AR,Gr G3,2,0,,,
2023-02-02 21:07:45,10850,スピンエコー∞-EX,11,SMG,M38,2,0,,,
2023-02-02 21:08:49,10850,スピンエコー∞-EX,12,MG,LWMMG,2,0,,,
2023-02-02 21:09:24,10850,スピンエコー∞-EX,12,SMG,スコーピオン,3,1,,,
2023-02-02 21:10:00,10850,スピンエコー∞-EX,12,MG,M2HB,3,1,,,
2023-02-02 21:10:32,10850,スピンエコー∞-EX,12,AR,ガリル,2,0,,,
2023-02-02 21:10:37,10850,スピンエコー∞-EX,12,MG,MG34,2,0,,,
2023-02-02 21:11:51,10850,スピンエコー∞-EX,13,AR,FF F2000,2,0,,,
2023-02-02 21:12:27,10850,スピンエコー∞-EX,13,AR,FF F2000,2,0,,,
2023-02-02 21:14:06,10850,スピンエコー∞-EX,14,HG,P38,2,0,,,
2023-02-02 21:14:37,10850,スピンエコー∞-EX,14,AR,Gr G3,2,0,,,
2023-02-02 21:15:14,10850,スピンエコー∞-EX,14,HG,FF FNP9,2,0,,,
2023-02-02 21:15:49,10850,スピンエコー∞-EX,14,RF,SKS,2,0,,,
2023-02-02 21:16:02,10850,スピンエコー∞-EX,14,MG,AAT-52,2,0,,,
2023-02-02 21:44:32,10850,スピンエコー∞-EX,15,SMG,スペクトラM4,2,0,,,
2023-02-02 21:45:13,10850,スピンエコー∞-EX,15,HG,FF FNP9,2,0,,,
2023-02-02 21:45:53,10850,スピンエコー∞-EX,15,AR,Gr G3,2,0,,,
2023-02-02 21:46:33,10850,スピンエコー∞-EX,15,AR,ガリル,2,0,,,
2023-02-02 21:46:38,10850,スピンエコー∞-EX,15,HG,アストラ,3,1,,,
2023-02-02 21:48:20,10850,スピンエコー∞-EX,16,SMG,M3,2,0,,,
2023-02-02 21:49:07,10850,スピンエコー∞-EX,16,MG,LWMMG,2,0,,,
2023-02-02 21:49:55,10850,スピンエコー∞-EX,16,SMG,PP-2000,2,0,,,
2023-02-02 21:50:43,10850,スピンエコー∞-EX,16,SMG,M3,2,0,,,
2023-02-02 21:50:56,10850,スピンエコー∞-EX,16,MG,MG34,2,0,,,
2023-02-02 21:54:13,10850,スピンエコー∞-EX,17,AR,ガリル,2,0,,,
2023-02-02 21:54:59,10850,スピンエコー∞-EX,17,AR,FF FNC,3,1,,,
2023-02-02 21:55:49,10850,スピンエコー∞-EX,17,AR,FF F2000,2,0,,,
2023-02-02 21:56:39,10850,スピンエコー∞-EX,17,MG,AAT-52,2,0,,,
2023-02-02 21:56:52,10850,スピンエコー∞-EX,17,SMG,M38,2,0,,,
2023-02-02 22:01:55,10850,スピンエコー∞-EX,18,HG,M1911,2,0,,,
2023-02-02 22:02:35,10850,スピンエコー∞-EX,18,MG,LWMMG,2,0,,,
2023-02-02 22:03:19,10850,スピンエコー∞-EX,18,HG,M1911,2,0,,,
2023-02-02 22:03:58,10850,スピンエコー∞-EX,18,MG,MG42,3,1,,,
2023-02-02 22:04:17,10850,スピンエコー∞-EX,18,SMG,スペクトラM4,2,0,,,
2023-02-02 22:08:48,90005,プロヘルパーⅠ,1,,,,,BM 3-12X40,BM 3-12X40,2
2023-02-02 22:09:36,90006,プロヘルパーⅡ,0,,,,,M61徹甲弾,M61徹甲弾,2
2023-02-02 22:11:03,90006,プロヘルパーⅡ,0,,,,,PEQ-2,PEQ-2,2
2023-02-02 22:11:19,90006,プロヘルパーⅡ,0,,,,,FMJ高速弾,FMJ高速弾,2
2023-02-02 22:14:04,90007,プロヘルパーⅢ,0,,,,,IOP X2外骨格,IOP X2外骨格,3
2023-02-02 22:14:53,90007,プロヘルパーⅢ,0,,,,,AMP COMPM4,AMP COMPM4,3
2023-02-02 22:15:20,90007,プロヘルパーⅢ,0,,,,,EOT 512,EOT 512,3
2023-02-02 22:16:10,90007,プロヘルパーⅢ,0,,,,,PEQ-2,PEQ-2,2
2023-02-02 22:16:34,90007,プロヘルパーⅢ,0,,,,,AMP COMPM2,AMP COMPM2,2
2023-02-02 22:19:20,90007,プロヘルパーⅢ,0,,,,,IOP X1外骨格,IOP X1外骨格,2
2023-02-02 22:21:36,90008,プロヘルパーⅣ,0,,,,,AMP COMPM2,AMP COMPM2,2
2023-02-02 22:23:03,90008,プロヘルパーⅣ,0,,,,,IOP T1外骨格,IOP T1外骨格,2
2023-02-02 22:23:51,90008,プロヘルパーⅣ,0,,,,,EOT 506,EOT 506,2
2023-02-02 22:25:29,90008,プロヘルパーⅣ,0,,,,,PEQ-2,PEQ-2,2
2023-02-02 22:26:35,90009,匿名救助Ⅰ,1,,,,,FMJ高速弾,FMJ高速弾,2
2023-02-02 22:27:11,90009,匿名救助Ⅰ,1,,,,,BM 3-12X40,BM 3-12X40,2
2023-02-02 22:28:15,90009,匿名救助Ⅰ,1,,,,,IOP T1外骨格,IOP T1外骨格,2
2023-02-02 22:29:49,90009,匿名救助Ⅰ,1,,,,,IOP T1外骨格,IOP T1外骨格,2
2023-02-02 22:30:52,90009,匿名救助Ⅰ,1,,,,,LRA 2-12x50,LRA 2-12x50,3
2023-02-02 22:31:37,90009,匿名救助Ⅰ,2,,,,,PEQ-2,PEQ-2,2
2023-02-02 22:57:05,10850,スピンエコー∞-EX,19,RF,SKS,2,0,,,
2023-02-02 22:57:53,10850,スピンエコー∞-EX,19,MG,MG34,2,0,,,
2023-02-02 22:58:41,10850,スピンエコー∞-EX,19,SMG,スペクトラM4,2,0,,,
2023-02-02 22:59:28,10850,スピンエコー∞-EX,19,MG,LWMMG,2,0,,,
2023-02-02 22:59:41,10850,スピンエコー∞-EX,19,HG,ブレン・テン,2,0,,,
2023-02-03 18:43:18,10850,スピンエコー∞-EX,20,HG,ブレン・テン,2,0,,,
2023-02-03 18:44:06,10850,スピンエコー∞-EX,20,SMG,PP-2000,2,0,,,
2023-02-03 18:44:53,10850,スピンエコー∞-EX,20,RF,SKS,2,0,,,
2023-02-03 18:45:42,10850,スピンエコー∞-EX,20,RF,SKS,2,0,,,
2023-02-03 18:45:54,10850,スピンエコー∞-EX,20,RF,FF FN49,2,0,,,
2023-02-03 18:46:57,10850,スピンエコー∞-EX,21,RF,SKS,2,0,,,
2023-02-03 23:31:40,10850,スピンエコー∞-EX,25,HG,M1911,2,0,,,
2023-02-03 23:32:06,10850,スピンエコー∞-EX,25,MG,AAT-52,2,0,,,
2023-02-03 23:32:34,10850,スピンエコー∞-EX,25,AR,AK-47,3,1,,,
2023-02-03 23:33:08,10850,スピンエコー∞-EX,25,AR,KH2002,5,5,,,
2023-02-03 23:33:23,10850,スピンエコー∞-EX,25,AR,ガリル,2,0,,,
2023-02-04 01:12:39,10850,スピンエコー∞-EX,26,RF,SKS,2,0,,,
2023-02-04 01:13:05,10850,スピンエコー∞-EX,26,SMG,スペクトラM4,2,0,,,
2023-02-04 01:13:33,10850,スピンエコー∞-EX,26,RF,SKS,2,0,,,
2023-02-04 01:13:59,10850,スピンエコー∞-EX,26,SMG,M38,2,0,,,
2023-02-04 01:14:11,10850,スピンエコー∞-EX,26,HG,C96,3,1,,,
2023-02-04 01:15:14,10850,スピンエコー∞-EX,27,SMG,M3,2,0,,,
2023-02-04 01:15:45,10850,スピンエコー∞-EX,27,SMG,Micro Uzi,3,1,,,
2023-02-04 01:16:19,10850,スピンエコー∞-EX,27,HG,M9,3,1,,,
2023-02-04 01:16:53,10850,スピンエコー∞-EX,27,RF,FF FN49,2,0,,,
2023-02-04 01:17:03,10850,スピンエコー∞-EX,27,HG,C96,3,1,,,
2023-02-04 01:18:03,10850,スピンエコー∞-EX,28,MG,LWMMG,2,0,,,
2023-02-04 01:18:35,10850,スピンエコー∞-EX,28,MG,AAT-52,2,0,,,
2023-02-04 01:19:15,10850,スピンエコー∞-EX,28,HG,FF FNP9,2,0,,,
2023-02-04 01:19:46,10850,スピンエコー∞-EX,28,HG,FF FNP9,2,0,,,
2023-02-04 01:19:55,10850,スピンエコー∞-EX,28,HG,M1911,2,0,,,
2023-02-04 01:21:44,10850,スピンエコー∞-EX,29,HG,M1911,2,0,,,
2023-02-04 01:22:17,10850,スピンエコー∞-EX,29,MG,AAT-52,2,0,,,
2023-02-04 01:22:49,10850,スピンエコー∞-EX,29,RF,FF FN49,2,0,,,
2023-02-04 01:23:24,10850,スピンエコー∞-EX,29,HG,ブレン・テン,2,0,,,
2023-02-04 01:23:37,10850,スピンエコー∞-EX,29,SMG,64式,2,0,,,
2023-02-04 01:24:54,10850,スピンエコー∞-EX,30,SMG,スペクトラM4,2,0,,,
2023-02-04 01:25:28,10850,スピンエコー∞-EX,30,AR,Gr G3,2,0,,,
2023-02-04 01:26:04,10850,スピンエコー∞-EX,30,HG,M1911,2,0,,,
2023-02-04 01:26:38,10850,スピンエコー∞-EX,30,AR,Gr G3,2,0,,,
2023-02-04 01:26:51,10850,スピンエコー∞-EX,30,HG,ブレン・テン,2,0,,,
2023-02-04 01:27:54,10850,スピンエコー∞-EX,31,AR,Gr G3,2,0,,,
2023-02-04 01:28:33,10850,スピンエコー∞-EX,31,HG,ブレン・テン,2,0,,,
2023-02-04 01:29:05,10850,スピンエコー∞-EX,31,HG,M1911,2,0,,,
2023-02-04 01:29:43,10850,スピンエコー∞-EX,31,AR,ガリル,2,0,,,
2023-02-04 01:29:51,10850,スピンエコー∞-EX,31,MG,LWMMG,2,0,,,
2023-02-04 01:36:36,75,報告会,1,HG,ブレン・テン,2,0,,,
2023-02-04 01:36:59,75,報告会,1,HG,P38,2,0,,,
2023-02-04 01:37:44,75,報告会,1,HG,M1911,2,0,,,
2023-02-04 01:39:10,75,報告会,1,RF,FF FN49,2,0,,,
2023-02-04 01:54:57,76,最後の晩餐,0,AR,SIG-510,2,0,,,
2023-02-04 02:01:07,76,最後の晩餐,0,SMG,IDW,2,0,,,
2023-02-04 02:02:09,76,最後の晩餐,0,HG,M1895,2,0,,,
2023-02-04 02:06:29,76,最後の晩餐,0,SMG,64式,2,0,,,
2023-02-04 02:07:41,77,加速,0,AR,Gr G3,2,0,,,
2023-02-04 02:14:38,77,加速,0,AR,FF FNC,3,1,,,
2023-02-04 02:21:14,77,加速,0,SMG,スペクトラM4,2,0,,,
2023-02-04 02:27:07,77,加速,0,MG,MG34,2,0,,,
2023-02-04 13:08:28,61,最後の願いⅠ,1,HG,M1911,2,0,,,
2023-02-04 13:09:57,61,最後の願いⅠ,1,MG,AAT-52,2,0,,,
2023-02-04 13:10:22,61,最後の願いⅠ,1,MG,DP28,2,0,,,
2023-02-04 13:21:40,61,最後の願いⅠ,1,AR,63式,2,0,,,
2023-02-04 16:19:37,10819,1001,1,SMG,MP40,2,0,,,
2023-02-04 16:24:13,10819,1001,1,HG,MP-446,2,0,,,
2023-02-04 16:24:46,10819,1001,1,HG,Gr USPコンパクト,2,0,,,
2023-02-04 16:26:18,10819,1001,1,RF,It BM59,2,0,,,
2023-02-04 16:30:36,10819,1001,1,HG,PPK,2,0,,,
2023-02-04 16:40:57,10822,micro,0,HG,M1911,2,0,,,
2023-02-04 16:52:06,10822,micro,0,SMG,スペクトラM4,2,0,,,
2023-02-04 17:14:12,10822,micro,0,AR,Gr G3,2,0,,,
2023-02-04 17:35:10,10821,hecta,0,MG,FG42,2,0,,,
2023-02-04 17:38:37,10821,hecta,0,MG,DP28,2,0,,,
2023-02-04 22:18:39,8,失踪人物,2,HG,M1895,2,0,,,
2023-02-04 22:19:08,8,失踪人物,2,HG,M1895,2,0,,,
2023-02-04 22:21:19,9,救援信号,2,HG,M1911,2,0,,,
2023-02-04 22:21:46,9,救援信号,2,SMG,MP40,2,0,,,
2023-02-04 22:22:54,9,救援信号,2,SMG,スペクトラM4,2,0,,,
2023-02-04 22:23:38,9,救援信号,2,SMG,スペクトラM4,2,0,,,
2023-02-04 22:24:27,10,除草作戦,3,HG,MP-446,2,0,,,
2023-02-04 22:26:24,10,除草作戦,3,SMG,IDW,2,0,,,
2023-02-04 22:26:50,10,除草作戦,3,SMG,IDW,2,0,,,
2023-02-04 22:27:29,10,除草作戦,3,HG,M1895,2,0,,,
2023-02-04 22:28:11,10,除草作戦,3,HG,M1911,2,0,,,
2023-02-04 22:28:48,10,除草作戦,3,HG,P38,2,0,,,
2023-02-04 22:29:13,10,除草作戦,3,SMG,IDW,2,0,,,
2023-02-04 22:30:32,10,除草作戦,3,HG,M1895,2,0,,,
2023-02-04 22:43:46,10800,ナイトメアラビリンス,1,HG,MP-446,2,0,,,
2023-02-04 22:46:17,10800,ナイトメアラビリンス,1,AR,63式,2,0,,,
2023-02-04 22:59:54,10800,ナイトメアラビリンス,1,RF,SVT-38,2,0,,,
2023-02-05 00:28:33,77,加速,2,AR,FF F2000,2,0,,,
2023-02-05 00:31:19,77,加速,2,AR,FF FNC,3,1,,,
2023-02-05 00:43:59,77,加速,2,MG,MG34,2,0,,,
2023-02-05 00:48:48,77,加速,2,AR,Gr G3,2,0,,,
2023-02-05 00:53:31,78,招かれざる客,0,AR,L85A1,2,0,,,
2023-02-05 00:54:57,78,招かれざる客,0,SMG,MP40,2,0,,,
2023-02-05 00:56:21,78,招かれざる客,0,RF,M1ガーランド,3,1,,,
2023-02-05 00:57:00,78,招かれざる客,0,HG,PPK,2,0,,,
2023-02-05 00:59:33,78,招かれざる客,0,MG,DP28,2,0,,,
2023-02-05 01:02:23,79,空に浮かぶ影,0,RF,FF FN49,2,0,,,
2023-02-05 01:03:32,79,空に浮かぶ影,0,RF,FF FN49,2,0,,,
2023-02-05 01:10:43,79,空に浮かぶ影,0,SMG,M38,2,0,,,
2023-02-05 01:13:14,79,空に浮かぶ影,0,RF,FF FN49,2,0,,,
2023-02-05 01:27:23,79,空に浮かぶ影,0,MG,LWMMG,2,0,,,
2023-02-05 01:28:01,79,空に浮かぶ影,0,RF,FF FN49,2,0,,,
2023-02-05 01:29:12,79,空に浮かぶ影,0,SMG,Micro Uzi,3,1,,,
2023-02-05 01:30:22,79,空に浮かぶ影,0,SMG,64式,2,0,,,
2023-02-05 11:29:31,10850,スピンエコー∞-EX,32,SMG,PP-2000,2,0,,,
2023-02-05 11:30:32,10850,スピンエコー∞-EX,32,RF,FF FN49,2,0,,,
2023-02-05 11:31:36,10850,スピンエコー∞-EX,32,MG,MG42,3,1,,,
2023-02-05 11:36:02,10850,スピンエコー∞-EX,33,MG,MG34,2,0,,,
2023-02-05 11:37:04,10850,スピンエコー∞-EX,33,HG,M1911,2,0,,,
2023-02-05 11:38:07,10850,スピンエコー∞-EX,33,AR,FF F2000,2,0,,,
2023-02-05 11:39:10,10850,スピンエコー∞-EX,33,AR,AS Val,4,3,,,
2023-02-05 11:39:30,10850,スピンエコー∞-EX,33,AR,TKB-408,5,5,,,
2023-02-05 11:42:37,10850,スピンエコー∞-EX,34,SMG,スペクトラM4,2,0,,,
2023-02-05 11:43:41,10850,スピンエコー∞-EX,34,SMG,PP-2000,2,0,,,
2023-02-05 11:44:47,10850,スピンエコー∞-EX,34,SMG,Micro Uzi,3,1,,,
2023-02-05 11:45:49,10850,スピンエコー∞-EX,34,SMG,スペクトラM4,2,0,,,
2023-02-05 11:46:09,10850,スピンエコー∞-EX,34,HG,C96,3,1,,,
2023-02-05 11:49:12,10850,スピンエコー∞-EX,35,HG,FF FNP9,2,0,,,
2023-02-05 11:50:17,10850,スピンエコー∞-EX,35,MG,LWMMG,2,0,,,
2023-02-05 11:51:21,10850,スピンエコー∞-EX,35,SMG,64式,2,0,,,
2023-02-05 11:52:25,10850,スピンエコー∞-EX,35,MG,AAT-52,2,0,,,
2023-02-05 11:52:45,10850,スピンエコー∞-EX,35,HG,ブレン・テン,2,0,,,
2023-02-05 11:55:53,10850,スピンエコー∞-EX,36,HG,ブレン・テン,2,0,,,
2023-02-05 11:57:00,10850,スピンエコー∞-EX,36,RF,SKS,2,0,,,
2023-02-05 11:58:04,10850,スピンエコー∞-EX,36,AR,Gr G3,2,0,,,
2023-02-05 11:59:10,10850,スピンエコー∞-EX,36,AR,Gr G3,2,0,,,
2023-02-05 11:59:29,10850,スピンエコー∞-EX,36,AR,FF F2000,2,0,,,
2023-02-05 12:02:24,10850,スピンエコー∞-EX,37,RF,SKS,2,0,,,
2023-02-05 12:03:29,10850,スピンエコー∞-EX,37,SMG,M38,2,0,,,
2023-02-05 12:04:37,10850,スピンエコー∞-EX,37,MG,AAT-52,2,0,,,
2023-02-05 12:05:45,10850,スピンエコー∞-EX,37,HG,M1911,2,0,,,
2023-02-05 12:06:05,10850,スピンエコー∞-EX,37,SMG,スペクトラM4,2,0,,,
2023-02-05 12:09:03,10850,スピンエコー∞-EX,38,AR,Gr G3,2,0,,,
2023-02-05 12:10:13,10850,スピンエコー∞-EX,38,SMG,PP-2000,2,0,,,
2023-02-05 12:11:21,10850,スピンエコー∞-EX,38,SMG,64式,2,0,,,
2023-02-05 12:12:32,10850,スピンエコー∞-EX,38,RF,SKS,2,0,,,
2023-02-05 12:12:51,10850,スピンエコー∞-EX,38,MG,AAT-52,2,0,,,
2023-02-05 14:07:40,10848,離散変化∞-EX,1,AR,SIG-510,2,0,,,
2023-02-05 14:08:05,10848,離散変化∞-EX,1,RF,M1ガーランド,3,1,,,
2023-02-05 14:08:30,10848,離散変化∞-EX,1,RF,SV-98,3,1,,,
2023-02-05 14:09:09,10848,離散変化∞-EX,1,RF,SV-98,3,1,,,
2023-02-05 14:09:14,10848,離散変化∞-EX,1,HG,PPK,2,0,,,
2023-02-05 18:55:27,11,上級訓練Ⅰ,2,SMG,MP40,2,0,,,
2023-02-05 18:55:58,11,上級訓練Ⅰ,2,SMG,スペクトラM4,2,0,,,
2023-02-05 18:57:06,11,上級訓練Ⅰ,2,HG,MP-446,2,0,,,
2023-02-05 18:58:36,11,上級訓練Ⅰ,2,HG,P38,2,0,,,
2023-02-05 18:59:44,13,上級訓練Ⅲ,2,SMG,IDW,2,0,,,
2023-02-05 19:00:18,13,上級訓練Ⅲ,2,HG,P38,2,0,,,
2023-02-05 19:05:53,14,上級訓練Ⅳ,2,AR,L85A1,2,0,,,
2023-02-05 19:20:03,24,戦地サンプルⅣ,2,HG,PPK,2,0,,,
2023-02-05 19:21:11,24,戦地サンプルⅣ,2,SMG,M3,2,0,,,
2023-02-05 19:23:34,24,戦地サンプルⅣ,2,RF,FF FN49,2,0,,,
2023-02-05 19:25:49,21,戦地サンプルⅠ,2,HG,PPK,2,0,,,
2023-02-05 19:26:49,21,戦地サンプルⅠ,2,AR,Gr G3,2,0,,,
2023-02-05 19:33:14,1,準備運動,2,HG,M1895,2,0,,,
2023-02-05 19:34:06,1,準備運動,2,HG,PPK,2,0,,,
2023-02-05 19:34:36,1,準備運動,2,HG,P38,2,0,,,
2023-02-05 19:34:47,1,準備運動,2,SMG,MP40,2,0,,,
2023-02-05 21:38:28,21,戦地サンプルⅠ,3,AR,L85A1,2,0,,,
2023-02-05 21:38:41,21,戦地サンプルⅠ,3,SMG,MP40,2,0,,,
2023-02-05 21:39:44,21,戦地サンプルⅠ,3,RF,FF FN49,2,0,,,
2023-02-05 21:40:57,21,戦地サンプルⅠ,3,HG,M1895,2,0,,,
2023-02-05 21:42:00,21,戦地サンプルⅠ,3,AR,SIG-510,2,0,,,
2023-02-05 21:43:11,22,戦地サンプルⅡ,2,HG,M1895,2,0,,,
2023-02-05 21:44:44,22,戦地サンプルⅡ,2,AR,SIG-510,2,0,,,
2023-02-05 21:45:10,22,戦地サンプルⅡ,2,HG,PPK,2,0,,,
2023-02-05 21:45:40,22,戦地サンプルⅡ,2,SMG,M38,2,0,,,
2023-02-05 21:45:47,22,戦地サンプルⅡ,2,SMG,スペクトラM4,2,0,,,
2023-02-05 21:46:44,22,戦地サンプルⅡ,3,HG,P38,2,0,,,
2023-02-05 21:48:09,22,戦地サンプルⅡ,3,HG,PPK,2,0,,,
2023-02-05 21:48:42,22,戦地サンプルⅡ,3,SMG,PP-2000,2,0,,,
2023-02-05 21:49:21,22,戦地サンプルⅡ,3,HG,P38,2,0,,,
2023-02-05 21:49:37,22,戦地サンプルⅡ,3,AR,ガリル,2,0,,,
2023-02-05 21:49:51,22,戦地サンプルⅡ,3,AR,ガリル,2,0,,,
2023-02-05 21:50:44,22,戦地サンプルⅡ,3,AR,L85A1,2,0,,,
2023-02-05 21:51:41,23,戦地サンプルⅢ,2,HG,M1895,2,0,,,
2023-02-05 21:52:30,23,戦地サンプルⅢ,2,RF,G43,2,0,,,
2023-02-05 21:53:03,23,戦地サンプルⅢ,2,SMG,M3,2,0,,,
2023-02-05 21:55:05,23,戦地サンプルⅢ,2,SMG,MP40,2,0,,,
2023-02-05 21:55:54,23,戦地サンプルⅢ,2,AR,ガリル,2,0,,,
2023-02-05 21:59:48,24,戦地サンプルⅣ,3,HG,P38,2,0,,,
2023-02-05 22:00:51,24,戦地サンプルⅣ,3,SMG,PP-2000,2,0,,,
2023-02-05 22:02:33,24,戦地サンプルⅣ,3,HG,M1911,2,0,,,
2023-02-05 22:05:16,15,追跡ログ,3,SMG,MP40,2,0,,,
2023-02-05 22:06:20,15,追跡ログ,3,HG,M1895,2,0,,,
2023-02-06 00:45:39,10850,スピンエコー∞-EX,40,AR,ガリル,2,0,,,
2023-02-06 00:46:15,10850,スピンエコー∞-EX,40,SMG,64式,2,0,,,
2023-02-06 00:46:50,10850,スピンエコー∞-EX,40,SMG,M38,2,0,,,
2023-02-06 00:47:24,10850,スピンエコー∞-EX,40,MG,LWMMG,2,0,,,
2023-02-06 00:47:37,10850,スピンエコー∞-EX,40,SMG,PP-2000,2,0,,,
2023-02-06 00:48:22,10850,スピンエコー∞-EX,41,AR,FF F2000,2,0,,,
2023-02-06 00:48:59,10850,スピンエコー∞-EX,41,AR,AK-47,3,1,,,
2023-02-06 00:49:35,10850,スピンエコー∞-EX,41,SMG,M3,2,0,,,
2023-02-06 00:50:11,10850,スピンエコー∞-EX,41,HG,M1911,2,0,,,
2023-02-06 00:50:24,10850,スピンエコー∞-EX,41,HG,M1911,2,0,,,
2023-02-06 00:51:32,10850,スピンエコー∞-EX,42,SMG,PP-2000,2,0,,,
2023-02-06 00:52:08,10850,スピンエコー∞-EX,42,MG,MG34,2,0,,,
2023-02-06 00:52:43,10850,スピンエコー∞-EX,42,HG,P38,2,0,,,
2023-02-06 00:53:19,10850,スピンエコー∞-EX,42,MG,AAT-52,2,0,,,
2023-02-06 00:53:32,10850,スピンエコー∞-EX,42,SMG,64式,2,0,,,
2023-02-06 01:05:04,10850,スピンエコー∞-EX,43,HG,P38,2,0,,,
2023-02-06 01:05:41,10850,スピンエコー∞-EX,43,MG,LWMMG,2,0,,,
2023-02-06 01:06:17,10850,スピンエコー∞-EX,43,MG,LWMMG,2,0,,,
2023-02-06 01:06:52,10850,スピンエコー∞-EX,43,AR,Gr G3,2,0,,,
2023-02-06 01:07:05,10850,スピンエコー∞-EX,43,HG,マカロフ,3,1,,,
2023-02-06 01:07:57,10850,スピンエコー∞-EX,44,RF,FF FN49,2,0,,,
2023-02-06 01:08:33,10850,スピンエコー∞-EX,44,HG,P38,2,0,,,
2023-02-06 01:09:09,10850,スピンエコー∞-EX,44,SMG,64式,2,0,,,
2023-02-06 01:09:44,10850,スピンエコー∞-EX,44,HG,M1911,2,0,,,
2023-02-06 01:09:57,10850,スピンエコー∞-EX,44,SMG,スペクトラM4,2,0,,,
2023-02-06 22:15:01,80,使命,1,MG,FG42,2,0,,,
2023-02-06 22:16:44,80,使命,1,RF,It BM59,2,0,,,
2023-02-06 22:17:46,80,使命,1,MG,DP28,2,0,,,
2023-02-06 22:19:06,80,使命,1,SMG,IDW,2,0,,,
2023-02-06 22:20:12,80,使命,1,SMG,PPS-43,3,1,,,
2023-02-06 22:20:36,80,使命,1,HG,P08,3,1,,,
2023-02-06 22:24:23,80,使命,1,HG,M1895,2,0,,,
2023-02-06 22:24:40,80,使命,1,AR,63式,2,0,,,
2023-02-06 22:27:02,80,使命,1,AR,63式,2,0,,,
2023-02-06 22:30:35,85,夜の宴,0,AR,Gr G3,2,0,,,
2023-02-06 22:32:07,85,夜の宴,0,MG,AAT-52,2,0,,,
2023-02-06 22:47:08,86,探究,0,AR,L85A1,2,0,,,
2023-02-06 22:49:01,86,探究,0,MG,DP28,2,0,,,
2023-02-06 22:49:23,86,探究,0,HG,MP-446,2,0,,,
2023-02-06 22:53:05,87,ディスカッション,0,SMG,M38,2,0,,,
2023-02-06 22:54:16,87,ディスカッション,0,SMG,64式,2,0,,,
2023-02-06 22:55:06,87,ディスカッション,0,RF,SKS,2,0,,,
2023-02-06 22:55:33,87,ディスカッション,0,AR,Gr G3,2,0,,,
2023-02-06 22:57:15,88,二次検索,0,HG,トカレフ,3,1,,,
2023-02-06 23:22:16,71,回収作戦Ⅰ,1,HG,FF FNP9,2,0,,,
2023-02-06 23:23:15,71,回収作戦Ⅰ,1,AR,Gr G3,2,0,,,
2023-02-06 23:24:08,71,回収作戦Ⅰ,1,AR,AK-47,3,1,,,
2023-02-06 23:24:34,71,回収作戦Ⅰ,1,SMG,M3,2,0,,,
2023-02-06 23:36:47,90009,匿名救助Ⅰ,5,,,,,LRA 2-12x50,LRA 2-12x50,3
2023-02-06 23:39:01,90009,匿名救助Ⅰ,5,,,,,FMJ高速弾,FMJ高速弾,2
2023-02-06 23:39:30,90009,匿名救助Ⅰ,5,,,,,IOP T2外骨格,IOP T2外骨格,3
2023-02-06 23:41:32,90009,匿名救助Ⅰ,5,,,,,HD50銃架,HD50銃架,3
2023-02-10 21:43:54,11087,Unknown,1,RF,It BM59,2,0,,,
2023-02-10 21:44:06,11087,Unknown,1,RF,G43,2,0,,,
2023-02-10 21:44:26,11087,Unknown,1,SMG,MP40,2,0,,,
2023-02-10 21:44:57,11087,Unknown,1,SMG,MP40,2,0,,,
2023-02-10 21:44:57,11087,Unknown,1,MG,DP28,2,0,,,
2023-02-10 22:20:49,11087,Unknown,2,HG,M1895,2,0,,,
2023-02-10 22:21:27,11087,Unknown,2,SMG,64式,2,0,,,
2023-02-10 22:21:53,11087,Unknown,2,HG,Gr USPコンパクト,2,0,,,
2023-02-10 22:21:53,11087,Unknown,2,HG,MP-446,2,0,,,
2023-02-10 22:23:11,11087,Unknown,3,SMG,IDW,2,0,,,
2023-02-10 22:23:31,11087,Unknown,3,AR,SIG-510,2,0,,,
2023-02-10 22:23:53,11087,Unknown,3,SMG,m45,2,0,,,
2023-02-10 22:24:33,11087,Unknown,3,HG,MP-446,2,0,,,
2023-02-10 22:24:33,11087,Unknown,3,SMG,m45,2,0,,,
2023-02-10 22:25:29,11087,Unknown,4,SMG,64式,2,0,,,
2023-02-10 22:25:49,11087,Unknown,4,MG,DP28,2,0,,,
2023-02-10 22:26:11,11087,Unknown,4,HG,MP-446,2,0,,,
2023-02-10 22:26:51,11087,Unknown,4,SMG,m45,2,0,,,
2023-02-10 22:26:51,11087,Unknown,4,MG,DP28,2,0,,,
2023-02-10 22:29:51,11087,Unknown,5,AR,63式,2,0,,,
2023-02-11 01:30:48,11087,Unknown,18,SMG,PPSh-41,2,0,,,
2023-02-11 01:31:08,11087,Unknown,18,AR,SIG-510,2,0,,,
2023-02-11 01:31:29,11087,Unknown,18,HG,92式,3,1,,,
2023-02-11 01:31:42,11087,Unknown,18,RF,G43,2,0,,,
2023-02-11 01:31:55,11087,Unknown,18,SMG,64式,2,0,,,
2023-02-11 01:31:55,11087,Unknown,18,AR,StG44,3,1,,,
2023-02-11 01:32:33,11087,Unknown,19,RF,G43,2,0,,,
2023-02-11 01:32:51,11087,Unknown,19,MG,DP28,2,0,,,
2023-02-11 01:33:05,11087,Unknown,19,HG,M1895,2,0,,,
2023-02-11 01:33:30,11087,Unknown,19,HG,M1895,2,0,,,
2023-02-11 01:33:30,11087,Unknown,19,SMG,PPSh-41,2,0,,,
2023-02-11 01:34:08,11087,Unknown,20,MG,DP28,2,0,,,
2023-02-11 01:34:21,11087,Unknown,20,RF,It BM59,2,0,,,
2023-02-11 01:34:42,11087,Unknown,20,HG,MP-446,2,0,,,
2023-02-11 01:34:54,11087,Unknown,20,SMG,IDW,2,0,,,
2023-02-11 01:35:09,11087,Unknown,20,AR,63式,2,0,,,
2023-02-11 01:35:46,11087,Unknown,21,AR,SIG-510,2,0,,,
2023-02-11 01:36:21,11087,Unknown,21,MG,FG42,2,0,,,
2023-02-11 01:36:33,11087,Unknown,21,RF,G43,2,0,,,
2023-02-11 01:36:55,11087,Unknown,21,SMG,IDW,2,0,,,
2023-02-11 02:05:37,11087,Unknown,22,AR,63式,2,0,,,
2023-02-11 02:05:49,11087,Unknown,22,AR,63式,2,0,,,
2023-02-11 02:06:03,11087,Unknown,22,HG,MP-446,2,0,,,
2023-02-11 02:06:39,11087,Unknown,23,RF,M1ガーランド,3,1,,,
2023-02-11 02:06:55,11087,Unknown,23,AR,L85A1,2,0,,,
2023-02-11 02:07:16,11087,Unknown,23,RF,モシン・ナガン,4,3,,,
2023-02-11 02:07:32,11087,Unknown,23,AR,SIG-510,2,0,,,
2023-02-11 02:07:47,11087,Unknown,23,HG,Gr USPコンパクト,2,0,,,
2023-02-11 02:09:08,11087,Unknown,24,HG,M1895,2,0,,,
2023-02-11 02:09:49,11087,Unknown,24,SMG,MP40,2,0,,,
2023-02-11 02:09:49,11087,Unknown,24,SMG,MP40,2,0,,,
2023-02-11 02:12:05,11087,Unknown,25,RF,It BM59,2,0,,,
2023-02-11 02:12:20,11087,Unknown,25,RF,G43,2,0,,,
2023-02-11 02:12:34,11087,Unknown,25,HG,PPK,2,0,,,
2023-02-11 02:12:46,11087,Unknown,25,RF,SVT-38,2,0,,,
2023-02-11 02:12:58,11087,Unknown,25,SMG,PPSh-41,2,0,,,
2023-02-11 02:14:18,11087,Unknown,26,HG,Gr USPコンパクト,2,0,,,
2023-02-11 02:14:38,11087,Unknown,26,AR,StG44,3,1,,,
2023-02-11 02:15:00,11087,Unknown,26,RF,SV-98,3,1,,,
2023-02-11 02:15:20,11087,Unknown,26,HG,M1895,2,0,,,
2023-02-11 02:15:41,11087,Unknown,26,SMG,64式,2,0,,,
2023-02-11 10:34:09,11087,Unknown,27,RF,G43,2,0,,,
2023-02-11 10:34:30,11087,Unknown,27,AR,StG44,3,1,,,
2023-02-11 10:34:50,11087,Unknown,27,MG,FG42,2,0,,,
2023-02-11 10:35:11,11087,Unknown,27,HG,Gr USPコンパクト,2,0,,,
2023-02-11 10:36:16,11087,Unknown,28,HG,PPK,2,0,,,
2023-02-11 10:36:57,11087,Unknown,28,AR,L85A1,2,0,,,
2023-02-11 10:37:38,11087,Unknown,28,SMG,IDW,2,0,,,
2023-02-11 10:37:38,11087,Unknown,28,RF,It BM59,2,0,,,
2023-02-11 10:51:25,11087,Unknown,29,RF,It BM59,2,0,,,
2023-02-11 10:52:06,11087,Unknown,29,AR,SIG-510,2,0,,,
2023-02-11 10:52:26,11087,Unknown,29,AR,63式,2,0,,,
2023-02-11 10:52:48,11087,Unknown,29,SMG,64式,2,0,,,
2023-02-11 10:52:48,11087,Unknown,29,SMG,PPSh-41,2,0,,,
2023-02-11 11:00:22,11087,Unknown,30,HG,PPK,2,0,,,
2023-02-11 11:00:44,11087,Unknown,30,MG,FG42,2,0,,,
2023-02-11 11:01:03,11087,Unknown,30,HG,Gr USPコンパクト,2,0,,,
2023-02-11 11:01:25,11087,Unknown,30,HG,M1895,2,0,,,
2023-02-11 11:01:25,11087,Unknown,30,MG,DP28,2,0,,,
2023-02-12 12:00:57,65,新たな仕事,2,SMG,m45,2,0,,,
2023-02-12 12:01:26,65,新たな仕事,2,SMG,IDW,2,0,,,
2023-02-12 12:02:48,65,新たな仕事,2,SMG,PP-2000,2,0,,,
2023-02-12 12:03:03,65,新たな仕事,2,AR,L85A1,2,0,,,
2023-02-12 12:03:47,65,新たな仕事,2,SMG,m45,2,0,,,
2023-02-12 12:04:27,65,新たな仕事,2,SMG,M3,2,0,,,
2023-02-12 12:05:30,65,新たな仕事,3,SMG,MP40,2,0,,,
2023-02-12 12:06:02,65,新たな仕事,3,AR,FF F2000,2,0,,,
2023-02-12 12:06:28,65,新たな仕事,3,SMG,スコーピオン,3,1,,,
2023-02-12 12:07:37,65,新たな仕事,4,HG,M1895,2,0,,,
2023-02-12 12:08:12,65,新たな仕事,4,RF,SKS,2,0,,,
2023-02-12 12:08:25,65,新たな仕事,4,AR,ガリル,2,0,,,
2023-02-12 12:09:13,65,新たな仕事,5,MG,DP28,2,0,,,
2023-02-12 12:10:35,65,新たな仕事,5,HG,Gr USPコンパクト,2,0,,,
2023-02-12 12:11:09,65,新たな仕事,5,HG,MP-446,2,0,,,
2023-02-12 12:11:23,65,新たな仕事,5,AR,SIG-510,2,0,,,
2023-02-12 12:11:41,65,新たな仕事,5,SMG,MP40,2,0,,,
2023-02-12 12:11:46,65,新たな仕事,5,HG,C96,3,1,,,
2023-02-12 12:29:48,11087,Unknown,34,MG,ブレン,3,1,,,
2023-02-12 12:30:07,11087,Unknown,34,AR,63式,2,0,,,
2023-02-12 12:30:27,11087,Unknown,34,MG,DP28,2,0,,,
2023-02-12 12:30:46,11087,Unknown,34,HG,PPK,2,0,,,
2023-02-12 12:31:07,11087,Unknown,34,SMG,MP40,2,0,,,
2023-02-12 12:31:07,11087,Unknown,34,AR,63式,2,0,,,
2023-02-12 12:34:00,11087,Unknown,35,AR,StG44,3,1,,,
2023-02-12 12:34:20,11087,Unknown,35,SMG,IDW,2,0,,,
2023-02-12 12:34:41,11087,Unknown,35,RF,M1ガーランド,3,1,,,
2023-02-12 12:35:23,11087,Unknown,35,RF,G43,2,0,,,
2023-02-12 12:35:23,11087,Unknown,35,RF,SV-98,3,1,,,
2023-02-13 00:38:52,11087,スイーツランド,39,HG,MP-446,2,0,,,
2023-02-13 00:39:34,11087,スイーツランド,39,SMG,PPSh-41,2,0,,,
2023-02-13 00:39:54,11087,スイーツランド,39,SMG,IDW,2,0,,,
2023-02-13 00:40:15,11087,スイーツランド,39,RF,M1ガーランド,3,1,,,
2023-02-13 00:40:15,11087,スイーツランド,39,AR,OTs-12,3,1,,,
2023-02-13 00:42:19,11087,スイーツランド,40,SMG,IDW,2,0,,,
2023-02-13 00:42:41,11087,スイーツランド,40,SMG,m45,2,0,,,
2023-02-13 00:43:01,11087,スイーツランド,40,HG,コリブリ,5,5,,,
2023-02-13 00:43:19,11087,スイーツランド,40,SMG,IDW,2,0,,,
2023-02-13 00:45:11,11087,スイーツランド,41,RF,G43,2,0,,,
2023-02-13 00:45:31,11087,スイーツランド,41,AR,L85A1,2,0,,,
2023-02-13 00:45:52,11087,スイーツランド,41,HG,PPK,2,0,,,
2023-02-13 00:46:06,11087,スイーツランド,41,SMG,IDW,2,0,,,
2023-02-13 00:46:21,11087,スイーツランド,41,RF,SVT-38,2,0,,,
2023-02-13 00:47:06,11087,スイーツランド,42,SMG,MP40,2,0,,,
2023-02-13 00:47:26,11087,スイーツランド,42,AR,63式,2,0,,,
2023-02-13 00:47:48,11087,スイーツランド,42,SMG,MP40,2,0,,,
2023-02-13 00:48:00,11087,スイーツランド,42,HG,PPK,2,0,,,
2023-02-13 00:48:13,11087,スイーツランド,42,AR,63式,2,0,,,
2023-02-13 00:48:13,11087,スイーツランド,42,SMG,IDW,2,0,,,
2023-02-14 19:42:43,11087,スイーツランド,43,RF,It BM59,2,0,,,
2023-02-14 19:43:24,11087,スイーツランド,43,SMG,IDW,2,0,,,
2023-02-14 19:43:57,11087,スイーツランド,43,RF,It BM59,2,0,,,
2023-02-14 19:43:57,11087,スイーツランド,43,HG,Gr USPコンパクト,2,0,,,
2023-02-14 19:46:23,11087,スイーツランド,44,RF,M1ガーランド,3,1,,,
2023-02-14 19:46:43,11087,スイーツランド,44,HG,Gr USPコンパクト,2,0,,,
2023-02-14 19:47:02,11087,スイーツランド,44,RF,SVT-38,2,0,,,
2023-02-14 19:47:15,11087,スイーツランド,44,AR,63式,2,0,,,
2023-02-14 19:47:36,11087,スイーツランド,44,HG,トカレフ,3,1,,,
2023-02-14 19:47:36,11087,スイーツランド,44,RF,G43,2,0,,,
2023-02-14 19:48:20,11087,スイーツランド,45,SMG,PPSh-41,2,0,,,
2023-02-14 19:49:04,11087,スイーツランド,45,HG,92式,3,1,,,
2023-02-14 19:49:16,11087,スイーツランド,45,MG,FG42,2,0,,,
2023-02-14 19:49:30,11087,スイーツランド,45,AR,63式,2,0,,,
2023-02-14 19:49:30,11087,スイーツランド,45,HG,M1895,2,0,,,
2023-02-14 19:50:47,11087,スイーツランド,46,AR,L85A1,2,0,,,
2023-02-14 19:51:07,11087,スイーツランド,46,MG,DP28,2,0,,,
2023-02-14 19:51:21,11087,スイーツランド,46,MG,FG42,2,0,,,
2023-02-14 20:30:02,90001,小さな配達人Ⅰ,3,,,,,EOT 506,EOT 506,2
2023-02-14 20:55:15,50,追撃密令,2,MG,MG34,2,0,,,
2023-02-14 20:55:27,50,追撃密令,2,HG,MP-446,2,0,,,
2023-02-15 00:16:56,11087,スイーツランド,47,SMG,64式,2,0,,,
2023-02-15 00:17:38,11087,スイーツランド,47,RF,SV-98,3,1,,,
2023-02-15 00:18:09,11087,スイーツランド,47,HG,MP-446,2,0,,,
2023-02-15 00:18:44,11087,スイーツランド,48,RF,SVT-38,2,0,,,
2023-02-15 00:19:18,11087,スイーツランド,48,SMG,64式,2,0,,,
2023-02-15 00:19:39,11087,スイーツランド,48,MG,DP28,2,0,,,
2023-02-15 00:20:00,11087,スイーツランド,48,SMG,64式,2,0,,,
2023-02-15 00:20:00,11087,スイーツランド,48,HG,PPK,2,0,,,
2023-02-15 00:20:59,11087,スイーツランド,49,MG,DP28,2,0,,,
2023-02-15 00:21:21,11087,スイーツランド,49,AR,SIG-510,2,0,,,
2023-02-15 00:21:42,11087,スイーツランド,49,SMG,64式,2,0,,,
2023-02-15 00:22:03,11087,スイーツランド,49,SMG,PPSh-41,2,0,,,
2023-02-15 00:22:03,11087,スイーツランド,49,SMG,MP40,2,0,,,
2023-02-15 00:25:05,11087,スイーツランド,50,SMG,PPSh-41,2,0,,,
2023-02-15 00:25:25,11087,スイーツランド,50,AR,SIG-510,2,0,,,
2023-02-15 00:25:47,11087,スイーツランド,50,RF,It BM59,2,0,,,
2023-02-15 00:26:07,11087,スイーツランド,50,HG,Gr USPコンパクト,2,0,,,
2023-02-15 00:26:29,11087,スイーツランド,50,RF,G43,2,0,,,
2023-02-15 00:26:29,11087,スイーツランド,50,HG,Gr USPコンパクト,2,0,,,
2023-02-15 18:39:17,11087,スイーツランド,51,AR,SIG-510,2,0,,,
2023-02-15 18:39:58,11087,スイーツランド,51,RF,G43,2,0,,,
2023-02-15 18:40:39,11087,スイーツランド,51,MG,FG42,2,0,,,
2023-02-15 18:40:39,11087,スイーツランド,51,HG,PPK,2,0,,,
2023-02-15 20:24:05,31,データ回収Ⅰ,2,AR,Gr G3,2,0,,,
2023-02-15 20:26:25,31,データ回収Ⅰ,2,SMG,PP-2000,2,0,,,
2023-02-15 20:26:58,31,データ回収Ⅰ,2,AR,Gr G3,2,0,,,
2023-02-15 20:27:10,31,データ回収Ⅰ,2,MG,MG34,2,0,,,
2023-02-15 20:28:25,31,データ回収Ⅰ,3,AR,L85A1,2,0,,,
2023-02-15 20:31:38,32,データ回収Ⅱ,2,SMG,スペクトラM4,2,0,,,
2023-02-15 20:32:46,32,データ回収Ⅱ,2,SMG,M3,2,0,,,
2023-02-15 20:34:39,32,データ回収Ⅱ,2,RF,FF FN49,2,0,,,
2023-02-15 20:35:19,32,データ回収Ⅱ,2,RF,SKS,2,0,,,
2023-02-15 20:35:24,32,データ回収Ⅱ,2,HG,アストラ,3,1,,,
2023-02-15 20:35:58,32,データ回収Ⅱ,3,RF,SVT-38,2,0,,,
2023-02-15 21:14:18,105,ハイスピードハッキング,2,SMG,PP-2000,2,0,,,
2023-02-15 21:22:34,105,ハイスピードハッキング,2,HG,マカロフ,3,1,,,
2023-02-15 21:26:48,105,ハイスピードハッキング,2,HG,ブレン・テン,2,0,,,
2023-02-15 21:29:38,105,ハイスピードハッキング,2,RF,FF FN49,2,0,,,
2023-02-15 21:39:11,105,ハイスピードハッキング,2,SMG,64式,2,0,,,
2023-02-15 21:40:27,105,ハイスピードハッキング,2,RF,SKS,2,0,,,
2023-02-15 21:42:43,105,ハイスピードハッキング,2,RF,M14,3,1,,,
2023-02-15 21:53:00,106,エレクトリックアイ,0,AR,OTs-12,3,1,,,
2023-02-15 21:53:18,106,エレクトリックアイ,0,SMG,m45,2,0,,,
2023-02-15 21:53:44,106,エレクトリックアイ,0,SMG,64式,2,0,,,
2023-02-15 21:56:18,106,エレクトリックアイ,0,SMG,64式,2,0,,,
2023-02-15 21:57:19,106,エレクトリックアイ,0,AR,L85A1,2,0,,,
2023-02-15 22:05:51,107,サイレントトレース,0,RF,FF FN49,2,0,,,
2023-02-15 22:06:09,107,サイレントトレース,0,MG,LWMMG,2,0,,,
2023-02-15 22:08:18,107,サイレントトレース,0,RF,SKS,2,0,,,
2023-02-15 22:11:44,107,サイレントトレース,0,RF,SKS,2,0,,,
2023-02-15 22:39:23,107,サイレントトレース,0,MG,LWMMG,2,0,,,
2023-02-16 06:51:51,11,上級訓練Ⅰ,3,SMG,スペクトラM4,2,0,,,
2023-02-16 06:52:05,11,上級訓練Ⅰ,3,HG,PPK,2,0,,,
2023-02-17 00:27:36,11087,スイーツランド,58,MG,FG42,2,0,,,
2023-02-17 00:27:52,11087,スイーツランド,58,SMG,64式,2,0,,,
2023-02-17 00:28:05,11087,スイーツランド,58,HG,MP-446,2,0,,,
2023-02-17 00:29:06,11087,スイーツランド,59,MG,DP28,2,0,,,
2023-02-17 00:29:21,11087,スイーツランド,59,SMG,PPSh-41,2,0,,,
2023-02-17 00:29:36,11087,スイーツランド,59,SMG,PPSh-41,2,0,,,
2023-02-17 00:29:47,11087,スイーツランド,59,RF,It BM59,2,0,,,
2023-02-17 00:30:01,11087,スイーツランド,59,SMG,ステンMK-II,3,1,,,
2023-02-17 00:30:01,11087,スイーツランド,59,SMG,64式,2,0,,,
2023-02-17 00:32:29,90001,小さな配達人Ⅰ,4,,,,,BM 3-12X40,BM 3-12X40,2
2023-02-17 13:45:42,2,裏面情報,15,SMG,IDW,2,0,,,
2023-02-17 13:46:17,2,裏面情報,15,RF,G43,2,0,,,
2023-02-17 13:47:01,2,裏面情報,15,RF,SVT-38,2,0,,,
2023-02-17 13:47:25,2,裏面情報,15,RF,SKS,2,0,,,
2023-02-17 13:47:53,2,裏面情報,15,MG,MG34,2,0,,,
2023-02-17 13:48:04,2,裏面情報,15,AR,SIG-510,2,0,,,
2023-02-17 13:59:15,2,裏面情報,16,RF,SVT-38,2,0,,,
2023-02-17 13:59:48,2,裏面情報,16,RF,SVT-38,2,0,,,
2023-02-17 14:00:30,2,裏面情報,16,RF,M1ガーランド,3,1,,,
2023-02-17 14:00:59,2,裏面情報,16,HG,P38,2,0,,,
2023-02-17 14:01:28,2,裏面情報,16,MG,MG34,2,0,,,
2023-02-17 14:01:40,2,裏面情報,16,RF,M1ガーランド,3,1,,,
2023-02-17 14:02:59,2,裏面情報,17,MG,MG34,2,0,,,
2023-02-17 14:03:27,2,裏面情報,17,RF,G43,2,0,,,
2023-02-17 14:04:11,2,裏面情報,17,SMG,IDW,2,0,,,
2023-02-17 14:04:39,2,裏面情報,17,HG,M1895,2,0,,,
2023-02-17 14:05:05,2,裏面情報,17,RF,SVT-38,2,0,,,
2023-02-17 14:05:17,2,裏面情報,17,AR,Gr G3,2,0,,,
2023-02-17 15:01:58,2,裏面情報,18,AR,SIG-510,2,0,,,
2023-02-17 15:02:18,2,裏面情報,18,HG,M1895,2,0,,,
2023-02-17 15:02:51,2,裏面情報,18,RF,SKS,2,0,,,
2023-02-17 15:03:08,2,裏面情報,18,RF,FF FN49,2,0,,,
2023-02-17 15:03:33,2,裏面情報,18,RF,G43,2,0,,,
2023-02-17 15:03:45,2,裏面情報,18,SMG,MP40,2,0,,,
2023-02-17 15:04:43,2,裏面情報,19,AR,ガリル,2,0,,,
2023-02-17 15:05:14,2,裏面情報,19,HG,FF FNP9,2,0,,,
2023-02-17 15:05:57,2,裏面情報,19,AR,SIG-510,2,0,,,
2023-02-17 15:06:19,2,裏面情報,19,HG,FF FNP9,2,0,,,
2023-02-17 15:06:41,2,裏面情報,19,SMG,64式,2,0,,,
2023-02-17 15:06:47,2,裏面情報,19,SMG,m45,2,0,,,
2023-02-17 15:07:48,2,裏面情報,20,AR,ガリル,2,0,,,
2023-02-17 15:08:18,2,裏面情報,20,SMG,IDW,2,0,,,
2023-02-17 15:09:00,2,裏面情報,20,AR,Gr G3,2,0,,,
2023-02-17 15:09:22,2,裏面情報,20,HG,P38,2,0,,,
2023-02-17 15:09:40,2,裏面情報,20,MG,DP28,2,0,,,
2023-02-17 15:09:45,2,裏面情報,20,RF,SKS,2,0,,,
2023-02-17 15:10:46,2,裏面情報,21,RF,FF FN49,2,0,,,
2023-02-17 15:11:18,2,裏面情報,21,MG,DP28,2,0,,,
2023-02-17 15:12:01,2,裏面情報,21,MG,MG34,2,0,,,
2023-02-17 15:12:18,2,裏面情報,21,SMG,MP40,2,0,,,
2023-02-17 15:12:38,2,裏面情報,21,HG,M1895,2,0,,,
2023-02-17 15:12:42,2,裏面情報,21,MG,DP28,2,0,,,
2023-02-17 15:14:02,2,裏面情報,22,AR,L85A1,2,0,,,
2023-02-17 15:14:32,2,裏面情報,22,AR,L85A1,2,0,,,
2023-02-17 15:15:07,2,裏面情報,22,RF,FF FN49,2,0,,,
2023-02-17 15:15:34,2,裏面情報,22,AR,SIG-510,2,0,,,
2023-02-17 15:16:00,2,裏面情報,22,HG,FF FNP9,2,0,,,
2023-02-17 15:16:04,2,裏面情報,22,HG,M1895,2,0,,,
2023-02-17 15:17:28,2,裏面情報,23,AR,Gr G3,2,0,,,
2023-02-17 15:17:57,2,裏面情報,23,AR,SIG-510,2,0,,,
2023-02-17 15:18:40,2,裏面情報,23,RF,G43,2,0,,,
2023-02-17 15:19:08,2,裏面情報,23,SMG,m45,2,0,,,
2023-02-17 15:19:33,2,裏面情報,23,SMG,M3,2,0,,,
2023-02-17 15:19:42,2,裏面情報,23,RF,FF FN49,2,0,,,
2023-02-17 15:23:26,2,裏面情報,24,HG,MP-446,2,0,,,
2023-02-17 15:23:48,2,裏面情報,24,RF,SKS,2,0,,,
2023-02-17 15:24:30,2,裏面情報,24,AR,L85A1,2,0,,,
2023-02-17 15:24:57,2,裏面情報,24,SMG,MP40,2,0,,,
2023-02-17 15:25:24,2,裏面情報,24,AR,ガリル,2,0,,,
2023-02-17 15:25:36,2,裏面情報,24,SMG,MP40,2,0,,,
2023-02-17 15:26:47,2,裏面情報,25,HG,PPK,2,0,,,
2023-02-17 15:27:19,2,裏面情報,25,RF,FF FN49,2,0,,,
2023-02-17 15:28:02,2,裏面情報,25,SMG,M3,2,0,,,
2023-02-17 15:28:28,2,裏面情報,25,AR,ガリル,2,0,,,
2023-02-17 15:28:56,2,裏面情報,25,HG,PPK,2,0,,,
2023-02-17 15:29:01,2,裏面情報,25,RF,SKS,2,0,,,
2023-02-17 15:31:15,2,裏面情報,26,HG,M1911,2,0,,,
2023-02-17 15:31:44,2,裏面情報,26,HG,PPK,2,0,,,
2023-02-17 15:32:25,2,裏面情報,26,AR,ガリル,2,0,,,
2023-02-17 15:32:52,2,裏面情報,26,SMG,64式,2,0,,,
2023-02-17 15:33:19,2,裏面情報,26,HG,M1911,2,0,,,
2023-02-17 15:33:31,2,裏面情報,26,RF,SVT-38,2,0,,,
2023-02-17 15:37:11,2,裏面情報,27,HG,アストラ,3,1,,,
2023-02-17 15:37:42,2,裏面情報,27,AR,SIG-510,2,0,,,
2023-02-17 15:38:25,2,裏面情報,27,SMG,MP40,2,0,,,
2023-02-17 15:38:51,2,裏面情報,27,HG,P38,2,0,,,
2023-02-17 15:39:18,2,裏面情報,27,SMG,M38,2,0,,,
2023-02-17 15:39:30,2,裏面情報,27,SMG,IDW,2,0,,,
2023-02-17 15:45:02,2,裏面情報,28,HG,P08,3,1,,,
2023-02-17 15:45:32,2,裏面情報,28,AR,Gr G3,2,0,,,
2023-02-17 15:46:13,2,裏面情報,28,AR,SIG-510,2,0,,,
2023-02-17 15:46:41,2,裏面情報,28,HG,MP-446,2,0,,,
2023-02-17 15:47:07,2,裏面情報,28,AR,Gr G3,2,0,,,
2023-02-17 15:47:19,2,裏面情報,28,AR,FF FNC,3,1,,,
2023-02-17 15:52:30,2,裏面情報,29,RF,SKS,2,0,,,
2023-02-17 15:53:02,2,裏面情報,29,RF,SKS,2,0,,,
2023-02-17 15:53:46,2,裏面情報,29,SMG,M3,2,0,,,
2023-02-17 15:54:15,2,裏面情報,29,SMG,M3,2,0,,,
2023-02-17 15:54:40,2,裏面情報,29,SMG,MP40,2,0,,,
2023-02-17 15:54:52,2,裏面情報,29,SMG,IDW,2,0,,,
2023-02-17 15:56:22,2,裏面情報,30,RF,SKS,2,0,,,
2023-02-17 15:56:52,2,裏面情報,30,SMG,IDW,2,0,,,
2023-02-17 15:57:34,2,裏面情報,30,RF,SVT-38,2,0,,,
2023-02-17 15:58:01,2,裏面情報,30,SMG,スペクトラM4,2,0,,,
2023-02-17 15:58:28,2,裏面情報,30,SMG,64式,2,0,,,
2023-02-17 15:58:40,2,裏面情報,30,RF,SV-98,3,1,,,
2023-02-17 16:02:42,2,裏面情報,31,MG,MG42,3,1,,,
2023-02-17 16:03:11,2,裏面情報,31,HG,P38,2,0,,,
2023-02-17 16:03:55,2,裏面情報,31,AR,ガリル,2,0,,,
2023-02-17 16:04:21,2,裏面情報,31,AR,SIG-510,2,0,,,
2023-02-17 16:06:02,2,裏面情報,31,RF,SKS,2,0,,,
2023-02-17 16:06:14,2,裏面情報,31,HG,M1911,2,0,,,
2023-02-17 17:56:33,2,裏面情報,32,HG,FF FNP9,2,0,,,
2023-02-17 17:56:56,2,裏面情報,32,SMG,スペクトラM4,2,0,,,
2023-02-17 17:57:30,2,裏面情報,32,RF,FF FN49,2,0,,,
2023-02-17 17:57:49,2,裏面情報,32,AR,ガリル,2,0,,,
2023-02-17 17:58:11,2,裏面情報,32,SMG,PP-2000,2,0,,,
2023-02-17 17:58:16,2,裏面情報,32,SMG,M3,2,0,,,
2023-02-17 17:59:16,2,裏面情報,33,RF,SKS,2,0,,,
2023-02-17 17:59:38,2,裏面情報,33,AR,SIG-510,2,0,,,
2023-02-17 18:00:14,2,裏面情報,33,HG,C96,3,1,,,
2023-02-17 18:00:37,2,裏面情報,33,HG,PPK,2,0,,,
2023-02-17 18:00:59,2,裏面情報,33,HG,アストラ,3,1,,,
2023-02-17 18:01:11,2,裏面情報,33,HG,FF FNP9,2,0,,,
2023-02-17 18:02:36,2,裏面情報,34,HG,MP-446,2,0,,,
2023-02-17 18:02:58,2,裏面情報,34,HG,M1895,2,0,,,
2023-02-17 18:03:40,2,裏面情報,34,HG,P38,2,0,,,
2023-02-17 18:04:08,2,裏面情報,34,RF,G43,2,0,,,
2023-02-17 18:04:26,2,裏面情報,34,SMG,MP40,2,0,,,
2023-02-17 18:04:31,2,裏面情報,34,SMG,MP40,2,0,,,
2023-02-17 18:05:58,2,裏面情報,35,AR,L85A1,2,0,,,
2023-02-17 18:06:31,2,裏面情報,35,HG,PPK,2,0,,,
2023-02-17 18:07:15,2,裏面情報,35,RF,SKS,2,0,,,
2023-02-17 18:07:43,2,裏面情報,35,HG,FF FNP9,2,0,,,
2023-02-17 18:08:09,2,裏面情報,35,SMG,m45,2,0,,,
2023-02-17 18:08:21,2,裏面情報,35,SMG,m45,2,0,,,
2023-02-17 18:12:05,2,裏面情報,36,RF,SVT-38,2,0,,,
2023-02-17 18:12:32,2,裏面情報,36,AR,ガリル,2,0,,,
2023-02-17 18:12:58,2,裏面情報,36,SMG,64式,2,0,,,
2023-02-17 18:15:37,2,裏面情報,36,MG,DP28,2,0,,,
2023-02-17 18:16:04,2,裏面情報,36,AR,L85A1,2,0,,,
2023-02-17 18:16:49,2,裏面情報,36,SMG,MP40,2,0,,,
2023-02-17 18:19:06,2,裏面情報,37,SMG,スペクトラM4,2,0,,,
2023-02-17 18:19:34,2,裏面情報,37,MG,DP28,2,0,,,
2023-02-17 18:20:16,2,裏面情報,37,AR,Gr G3,2,0,,,
2023-02-17 18:20:41,2,裏面情報,37,RF,SVT-38,2,0,,,
2023-02-17 18:21:04,2,裏面情報,37,RF,FF FN49,2,0,,,
2023-02-17 18:21:16,2,裏面情報,37,AR,L85A1,2,0,,,
2023-02-17 18:22:31,2,裏面情報,38,HG,P38,2,0,,,
2023-02-17 18:22:54,2,裏面情報,38,AR,L85A1,2,0,,,
2023-02-17 18:23:36,2,裏面情報,38,SMG,64式,2,0,,,
2023-02-17 18:23:55,2,裏面情報,38,HG,PPK,2,0,,,
2023-02-17 18:24:18,2,裏面情報,38,HG,PPK,2,0,,,
2023-02-17 18:24:22,2,裏面情報,38,HG,P38,2,0,,,
2023-02-17 18:25:23,2,裏面情報,39,SMG,IDW,2,0,,,
2023-02-17 18:25:53,2,裏面情報,39,HG,PPK,2,0,,,
2023-02-17 18:26:40,2,裏面情報,39,AR,L85A1,2,0,,,
2023-02-17 18:27:05,2,裏面情報,39,SMG,M38,2,0,,,
2023-02-17 18:27:24,2,裏面情報,39,AR,ガリル,2,0,,,
2023-02-17 18:27:34,2,裏面情報,39,HG,FF FNP9,2,0,,,
2023-02-17 18:28:34,2,裏面情報,40,RF,SKS,2,0,,,
2023-02-17 18:29:03,2,裏面情報,40,HG,FF FNP9,2,0,,,
2023-02-17 18:29:45,2,裏面情報,40,SMG,M3,2,0,,,
2023-02-17 18:30:13,2,裏面情報,40,RF,SKS,2,0,,,
2023-02-17 18:30:33,2,裏面情報,40,AR,SIG-510,2,0,,,
2023-02-17 18:30:45,2,裏面情報,40,HG,PPK,2,0,,,
2023-02-17 18:31:58,2,裏面情報,41,RF,SKS,2,0,,,
2023-02-17 18:32:28,2,裏面情報,41,HG,P38,2,0,,,
2023-02-17 18:33:03,2,裏面情報,41,SMG,MP40,2,0,,,
2023-02-17 18:33:22,2,裏面情報,41,SMG,M38,2,0,,,
2023-02-17 18:33:43,2,裏面情報,41,MG,DP28,2,0,,,
2023-02-17 18:33:50,2,裏面情報,41,HG,M1895,2,0,,,
2023-02-17 18:35:04,2,裏面情報,42,HG,P38,2,0,,,
2023-02-17 18:35:34,2,裏面情報,42,HG,P38,2,0,,,
2023-02-17 18:36:16,2,裏面情報,42,AR,L85A1,2,0,,,
2023-02-17 18:36:43,2,裏面情報,42,AR,Gr G3,2,0,,,
2023-02-17 18:37:05,2,裏面情報,42,AR,Gr G3,2,0,,,
2023-02-17 18:37:09,2,裏面情報,42,SMG,M38,2,0,,,
2023-02-17 18:38:08,2,裏面情報,43,AR,Gr G3,2,0,,,
2023-02-17 18:38:33,2,裏面情報,43,SMG,IDW,2,0,,,
2023-02-17 18:39:13,2,裏面情報,43,HG,M9,3,1,,,
2023-02-17 18:39:38,2,裏面情報,43,RF,FF FN49,2,0,,,
2023-02-17 18:40:03,2,裏面情報,43,SMG,MP40,2,0,,,
2023-02-17 18:40:11,2,裏面情報,43,SMG,スペクトラM4,2,0,,,
2023-02-17 18:50:47,2,裏面情報,44,AR,L85A1,2,0,,,
2023-02-17 18:51:17,2,裏面情報,44,AR,L85A1,2,0,,,
2023-02-17 18:51:59,2,裏面情報,44,HG,P38,2,0,,,
2023-02-17 18:52:25,2,裏面情報,44,HG,MP-446,2,0,,,
2023-02-17 18:52:52,2,裏面情報,44,AR,ガリル,2,0,,,
2023-02-17 18:53:04,2,裏面情報,44,SMG,スペクトラM4,2,0,,,
2023-02-17 18:55:19,2,裏面情報,45,MG,MG34,2,0,,,
2023-02-17 18:55:45,2,裏面情報,45,RF,SKS,2,0,,,
2023-02-17 18:56:29,2,裏面情報,45,AR,Gr G3,2,0,,,
2023-02-17 18:56:57,2,裏面情報,45,AR,L85A1,2,0,,,
2023-02-17 18:57:23,2,裏面情報,45,AR,SIG-510,2,0,,,
2023-02-17 18:57:35,2,裏面情報,45,SMG,IDW,2,0,,,
2023-02-17 18:58:44,2,裏面情報,46,AR,SIG-510,2,0,,,
2023-02-17 18:59:13,2,裏面情報,46,RF,G43,2,0,,,
2023-02-17 18:59:55,2,裏面情報,46,RF,SVT-38,2,0,,,
2023-02-17 19:00:23,2,裏面情報,46,SMG,IDW,2,0,,,
2023-02-17 19:00:49,2,裏面情報,46,RF,M1ガーランド,3,1,,,
2023-02-17 19:01:01,2,裏面情報,46,SMG,m45,2,0,,,
2023-02-17 19:10:12,2,裏面情報,47,RF,SVT-38,2,0,,,
2023-02-17 19:10:43,2,裏面情報,47,RF,SKS,2,0,,,
2023-02-17 19:11:28,2,裏面情報,47,RF,M14,3,1,,,
2023-02-17 19:11:55,2,裏面情報,47,AR,Gr G3,2,0,,,
2023-02-17 19:12:21,2,裏面情報,47,HG,FF FNP9,2,0,,,
2023-02-17 19:12:33,2,裏面情報,47,HG,MP-446,2,0,,,
2023-02-17 20:26:33,2,裏面情報,48,AR,L85A1,2,0,,,
2023-02-17 20:26:55,2,裏面情報,48,AR,ガリル,2,0,,,
2023-02-17 20:27:22,2,裏面情報,48,MG,MG42,3,1,,,
2023-02-17 20:27:59,2,裏面情報,48,MG,MG42,3,1,,,
2023-02-17 20:28:25,2,裏面情報,48,RF,G43,2,0,,,
2023-02-17 20:30:36,2,裏面情報,48,AR,SIG-510,2,0,,,
2023-02-17 20:35:26,2,裏面情報,49,HG,FF FNP9,2,0,,,
2023-02-17 20:35:56,2,裏面情報,49,SMG,M3,2,0,,,
2023-02-17 20:36:39,2,裏面情報,49,SMG,M3,2,0,,,
2023-02-17 20:37:04,2,裏面情報,49,RF,G43,2,0,,,
2023-02-17 20:37:29,2,裏面情報,49,RF,SVT-38,2,0,,,
2023-02-17 20:37:41,2,裏面情報,49,HG,FF FNP9,2,0,,,
2023-02-17 20:44:47,2,裏面情報,50,MG,MG34,2,0,,,
2023-02-17 20:45:16,2,裏面情報,50,SMG,M38,2,0,,,
2023-02-17 20:45:58,2,裏面情報,50,MG,DP28,2,0,,,
2023-02-17 20:46:24,2,裏面情報,50,MG,MG42,3,1,,,
2023-02-17 20:46:50,2,裏面情報,50,SMG,IDW,2,0,,,
2023-02-17 20:47:02,2,裏面情報,50,MG,DP28,2,0,,,
2023-02-17 20:47:57,2,裏面情報,51,HG,MP-446,2,0,,,
2023-02-17 20:48:26,2,裏面情報,51,SMG,M38,2,0,,,
2023-02-17 20:49:09,2,裏面情報,51,RF,G43,2,0,,,
2023-02-17 20:49:36,2,裏面情報,51,SMG,m45,2,0,,,
2023-02-17 20:50:01,2,裏面情報,51,MG,DP28,2,0,,,
2023-02-17 20:50:13,2,裏面情報,51,HG,M1911,2,0,,,
2023-02-17 21:02:40,2,裏面情報,52,HG,M1911,2,0,,,
2023-02-17 21:03:10,2,裏面情報,52,SMG,PP-2000,2,0,,,
2023-02-17 21:03:52,2,裏面情報,52,SMG,M3,2,0,,,
2023-02-17 21:04:19,2,裏面情報,52,SMG,IDW,2,0,,,
2023-02-17 21:04:46,2,裏面情報,52,HG,M1911,2,0,,,
2023-02-17 21:04:58,2,裏面情報,52,AR,Gr G3,2,0,,,
2023-02-17 21:06:08,2,裏面情報,53,AR,ガリル,2,0,,,
2023-02-17 21:06:39,2,裏面情報,53,AR,ガリル,2,0,,,
2023-02-17 21:07:18,2,裏面情報,53,MG,DP28,2,0,,,
2023-02-17 21:07:46,2,裏面情報,53,HG,M1911,2,0,,,
2023-02-17 21:08:11,2,裏面情報,53,AR,L85A1,2,0,,,
2023-02-17 21:08:23,2,裏面情報,53,HG,M1911,2,0,,,
2023-02-17 22:16:39,2,裏面情報,54,HG,MP-446,2,0,,,
2023-02-17 22:17:09,2,裏面情報,54,RF,FF FN49,2,0,,,
2023-02-17 22:17:51,2,裏面情報,54,RF,FF FN49,2,0,,,
2023-02-17 22:18:18,2,裏面情報,54,HG,MP-446,2,0,,,
2023-02-17 22:18:44,2,裏面情報,54,RF,SVT-38,2,0,,,
2023-02-17 22:18:56,2,裏面情報,54,AR,L85A1,2,0,,,
2023-02-17 22:19:46,2,裏面情報,55,RF,G43,2,0,,,
2023-02-17 22:20:18,2,裏面情報,55,HG,FF FNP9,2,0,,,
2023-02-17 22:21:00,2,裏面情報,55,RF,SVT-38,2,0,,,
2023-02-17 22:21:28,2,裏面情報,55,SMG,M38,2,0,,,
2023-02-17 22:21:53,2,裏面情報,55,AR,ガリル,2,0,,,
2023-02-17 22:22:05,2,裏面情報,55,SMG,64式,2,0,,,
2023-02-17 22:51:16,2,裏面情報,56,RF,FF FN49,2,0,,,
2023-02-17 22:51:45,2,裏面情報,56,SMG,スペクトラM4,2,0,,,
2023-02-17 22:52:27,2,裏面情報,56,RF,SKS,2,0,,,
2023-02-17 22:52:54,2,裏面情報,56,HG,MP-446,2,0,,,
2023-02-17 22:53:20,2,裏面情報,56,AR,SIG-510,2,0,,,
2023-02-17 22:53:32,2,裏面情報,56,SMG,MP40,2,0,,,
2023-02-17 22:54:52,2,裏面情報,57,SMG,IDW,2,0,,,
2023-02-17 22:55:22,2,裏面情報,57,MG,MG34,2,0,,,
2023-02-17 22:56:04,2,裏面情報,57,HG,MP-446,2,0,,,
2023-02-17 22:56:30,2,裏面情報,57,HG,M1911,2,0,,,
2023-02-17 22:56:55,2,裏面情報,57,SMG,MP40,2,0,,,
2023-02-17 22:57:07,2,裏面情報,57,AR,SIG-510,2,0,,,
2023-02-18 08:38:17,11087,スイーツランド,60,MG,FG42,2,0,,,
2023-02-18 08:38:38,11087,スイーツランド,60,RF,It BM59,2,0,,,
2023-02-18 08:38:57,11087,スイーツランド,60,HG,MP-446,2,0,,,
2023-02-18 08:39:18,11087,スイーツランド,60,RF,SVT-38,2,0,,,
2023-02-18 08:55:47,11087,スイーツランド,61,RF,SVT-38,2,0,,,
2023-02-18 08:56:06,11087,スイーツランド,61,RF,G43,2,0,,,
2023-02-18 08:56:28,11087,スイーツランド,61,RF,It BM59,2,0,,,
2023-02-18 08:56:47,11087,スイーツランド,61,RF,SVT-38,2,0,,,
2023-02-18 08:57:08,11087,スイーツランド,61,SMG,MP40,2,0,,,
2023-02-18 09:13:13,11087,スイーツランド,62,SMG,IDW,2,0,,,
2023-02-18 09:13:33,11087,スイーツランド,62,RF,M1ガーランド,3,1,,,
2023-02-18 09:13:54,11087,スイーツランド,62,MG,DP28,2,0,,,
2023-02-18 09:14:13,11087,スイーツランド,62,HG,Gr USPコンパクト,2,0,,,
2023-02-18 09:14:34,11087,スイーツランド,62,HG,PPK,2,0,,,
2023-02-18 09:14:34,11087,スイーツランド,62,SMG,MP40,2,0,,,
2023-02-18 09:52:27,11087,スイーツランド,63,AR,L85A1,2,0,,,
2023-02-18 09:53:06,11087,スイーツランド,63,SMG,IDW,2,0,,,
2023-02-18 09:53:47,11087,スイーツランド,63,SMG,ステンMK-II,3,1,,,
2023-02-18 09:53:47,11087,スイーツランド,63,HG,M1895,2,0,,,
2023-02-19 09:26:51,11087,スイーツランド,64,HG,M1895,2,0,,,
2023-02-19 09:27:11,11087,スイーツランド,64,SMG,MP40,2,0,,,
2023-02-19 09:27:31,11087,スイーツランド,64,SMG,MP40,2,0,,,
2023-02-19 09:27:31,11087,スイーツランド,64,RF,It BM59,2,0,,,
2023-02-19 09:30:59,11087,スイーツランド,65,SMG,64式,2,0,,,
2023-02-19 09:31:19,11087,スイーツランド,65,SMG,MP40,2,0,,,
2023-02-19 09:31:39,11087,スイーツランド,65,SMG,64式,2,0,,,
2023-02-19 09:32:19,11087,スイーツランド,65,SMG,64式,2,0,,,
2023-02-19 09:32:19,11087,スイーツランド,65,AR,OTs-12,3,1,,,
2023-02-19 09:33:19,11087,スイーツランド,66,SMG,m45,2,0,,,
2023-02-19 09:33:38,11087,スイーツランド,66,AR,63式,2,0,,,
2023-02-19 09:33:59,11087,スイーツランド,66,SMG,64式,2,0,,,
2023-02-19 09:34:18,11087,スイーツランド,66,HG,MP-446,2,0,,,
2023-02-19 09:34:39,11087,スイーツランド,66,SMG,MP40,2,0,,,
2023-02-19 09:34:39,11087,スイーツランド,66,AR,63式,2,0,,,
2023-02-19 09:38:14,11087,スイーツランド,67,HG,PPK,2,0,,,
2023-02-19 09:38:34,11087,スイーツランド,67,HG,Gr USPコンパクト,2,0,,,
2023-02-19 09:38:53,11087,スイーツランド,67,SMG,m45,2,0,,,
2023-02-19 09:39:13,11087,スイーツランド,67,MG,FG42,2,0,,,
2023-02-19 09:39:13,11087,スイーツランド,67,SMG,IDW,2,0,,,
2023-02-20 19:50:39,90001,小さな配達人Ⅰ,6,,,,,BM 3-12X40,BM 3-12X40,2
2023-02-20 19:55:26,11087,スイーツランド,73,AR,L85A1,2,0,,,
2023-02-20 19:55:58,11087,スイーツランド,73,SMG,64式,2,0,,,
2023-02-20 19:56:10,11087,スイーツランド,73,HG,M1895,2,0,,,
2023-02-20 19:56:25,11087,スイーツランド,73,AR,L85A1,2,0,,,
2023-02-20 19:56:25,11087,スイーツランド,73,SMG,IDW,2,0,,,
2023-02-20 20:02:05,11087,スイーツランド,74,SMG,PPSh-41,2,0,,,
2023-02-20 20:02:25,11087,スイーツランド,74,AR,63式,2,0,,,
2023-02-20 20:02:46,11087,スイーツランド,74,AR,L85A1,2,0,,,
2023-02-20 20:02:46,11087,スイーツランド,74,RF,It BM59,2,0,,,
2023-02-20 20:11:24,2,裏面情報,72,RF,SVT-38,2,0,,,
2023-02-20 20:11:53,2,裏面情報,72,SMG,スペクトラM4,2,0,,,
2023-02-23 14:50:10,2,裏面情報,94,RF,SKS,2,0,,,
2023-02-23 14:50:34,2,裏面情報,94,RF,SVT-38,2,0,,,
2023-02-23 14:51:07,2,裏面情報,94,AR,SIG-510,2,0,,,
2023-02-23 14:51:36,2,裏面情報,94,HG,M1911,2,0,,,
2023-02-23 14:52:03,2,裏面情報,94,SMG,M38,2,0,,,
2023-02-23 14:52:15,2,裏面情報,94,AR,ガリル,2,0,,,
2023-02-23 14:56:34,2,裏面情報,95,SMG,PP-2000,2,0,,,
2023-02-23 14:57:04,2,裏面情報,95,MG,MG34,2,0,,,
2023-02-23 14:57:48,2,裏面情報,95,SMG,64式,2,0,,,
2023-02-23 14:58:12,2,裏面情報,95,HG,PPK,2,0,,,
2023-02-23 14:58:39,2,裏面情報,95,AR,SIG-510,2,0,,,
2023-02-23 14:58:43,2,裏面情報,95,AR,Gr G3,2,0,,,
2023-02-23 15:00:02,2,裏面情報,96,HG,FF FNP9,2,0,,,
2023-02-23 15:00:33,2,裏面情報,96,SMG,m45,2,0,,,
2023-02-23 15:01:13,2,裏面情報,96,AR,FF FNC,3,1,,,
2023-02-23 15:01:41,2,裏面情報,96,HG,M1911,2,0,,,
2023-02-23 15:02:09,2,裏面情報,96,AR,L85A1,2,0,,,
2023-02-23 15:02:21,2,裏面情報,96,AR,ガリル,2,0,,,
2023-02-23 15:03:43,2,裏面情報,97,MG,DP28,2,0,,,
2023-02-23 15:04:07,2,裏面情報,97,HG,P38,2,0,,,
2023-02-23 15:04:50,2,裏面情報,97,AR,SIG-510,2,0,,,
2023-02-23 15:05:17,2,裏面情報,97,AR,FF FNC,3,1,,,
2023-02-23 15:05:44,2,裏面情報,97,MG,MG34,2,0,,,
2023-02-23 15:05:56,2,裏面情報,97,RF,FF FN49,2,0,,,
2023-02-23 15:07:17,2,裏面情報,98,AR,ガリル,2,0,,,
2023-02-23 15:07:48,2,裏面情報,98,RF,FF FN49,2,0,,,
2023-02-23 15:08:31,2,裏面情報,98,SMG,MP40,2,0,,,
2023-02-23 15:09:00,2,裏面情報,98,AR,SIG-510,2,0,,,
2023-02-23 15:09:28,2,裏面情報,98,HG,MP-446,2,0,,,
2023-02-23 15:09:40,2,裏面情報,98,HG,MP-446,2,0,,,
2023-02-23 15:10:32,2,裏面情報,99,MG,DP28,2,0,,,
2023-02-23 15:11:04,2,裏面情報,99,HG,MP-446,2,0,,,
2023-02-23 15:11:45,2,裏面情報,99,HG,M1895,2,0,,,
2023-02-23 15:12:13,2,裏面情報,99,AR,Gr G3,2,0,,,
2023-02-23 15:12:39,2,裏面情報,99,SMG,M3,2,0,,,
2023-02-23 15:12:46,2,裏面情報,99,AR,SIG-510,2,0,,,
2023-02-23 15:13:49,2,裏面情報,100,HG,P38,2,0,,,
2023-02-23 15:14:20,2,裏面情報,100,SMG,スペクトラM4,2,0,,,
2023-02-23 15:15:02,2,裏面情報,100,RF,SVT-38,2,0,,,
2023-02-23 15:15:31,2,裏面情報,100,RF,FF FN49,2,0,,,
2023-02-23 15:15:58,2,裏面情報,100,HG,MP-446,2,0,,,
2023-02-23 15:16:10,2,裏面情報,100,RF,SVT-38,2,0,,,
2023-02-23 15:34:09,11087,スイーツランド,79,SMG,64式,2,0,,,
2023-02-23 15:34:28,11087,スイーツランド,79,MG,DP28,2,0,,,
2023-02-23 15:34:51,11087,スイーツランド,79,MG,FG42,2,0,,,
2023-02-23 15:35:31,11087,スイーツランド,79,HG,MP-446,2,0,,,
2023-02-23 15:36:40,11087,スイーツランド,80,SMG,64式,2,0,,,
2023-02-23 15:37:00,11087,スイーツランド,80,HG,M1895,2,0,,,
2023-02-23 15:37:22,11087,スイーツランド,80,SMG,64式,2,0,,,
2023-02-23 15:37:41,11087,スイーツランド,80,SMG,PPSh-41,2,0,,,
2023-02-23 15:38:02,11087,スイーツランド,80,AR,L85A1,2,0,,,
2023-02-23 15:38:02,11087,スイーツランド,80,HG,トカレフ,3,1,,,
2023-02-23 15:47:45,11087,スイーツランド,81,SMG,MP40,2,0,,,
2023-02-23 15:48:27,11087,スイーツランド,81,SMG,PPSh-41,2,0,,,
2023-02-23 15:48:46,11087,スイーツランド,81,SMG,IDW,2,0,,,
2023-02-23 15:49:07,11087,スイーツランド,81,SMG,PPSh-41,2,0,,,
2023-02-23 15:49:07,11087,スイーツランド,81,MG,FG42,2,0,,,
2023-02-23 15:50:16,11087,スイーツランド,82,MG,FG42,2,0,,,
2023-02-23 15:50:36,11087,スイーツランド,82,RF,SV-98,3,1,,,
2023-02-23 15:50:57,11087,スイーツランド,82,SMG,64式,2,0,,,
2023-02-23 15:51:17,11087,スイーツランド,82,HG,M1895,2,0,,,
2023-02-23 15:51:38,11087,スイーツランド,82,AR,L85A1,2,0,,,
2023-02-23 15:51:38,11087,スイーツランド,82,AR,L85A1,2,0,,,
2023-02-23 22:40:49,2,裏面情報,101,RF,SKS,2,0,,,
2023-02-23 22:41:21,2,裏面情報,101,HG,M1911,2,0,,,
2023-02-23 22:42:04,2,裏面情報,101,AR,SIG-510,2,0,,,
2023-02-23 22:42:33,2,裏面情報,101,SMG,M3,2,0,,,
2023-02-23 22:43:02,2,裏面情報,101,AR,ガリル,2,0,,,
2023-02-23 22:43:14,2,裏面情報,101,SMG,IDW,2,0,,,
2023-02-23 22:48:40,2,裏面情報,104,HG,P38,2,0,,,
2023-02-23 22:49:19,2,裏面情報,104,SMG,64式,2,0,,,
2023-02-23 22:49:53,2,裏面情報,104,AR,L85A1,2,0,,,
2023-02-23 22:50:20,2,裏面情報,104,RF,SVT-38,2,0,,,
2023-02-23 22:50:48,2,裏面情報,104,HG,M9,3,1,,,
2023-02-23 22:51:00,2,裏面情報,104,RF,SVT-38,2,0,,,
2023-02-23 22:51:52,2,裏面情報,105,HG,FF FNP9,2,0,,,
2023-02-23 22:52:22,2,裏面情報,105,AR,SIG-510,2,0,,,
2023-02-23 22:52:58,2,裏面情報,105,AR,L85A1,2,0,,,
2023-02-23 22:53:20,2,裏面情報,105,HG,M1895,2,0,,,
2023-02-23 22:53:40,2,裏面情報,105,MG,MG34,2,0,,,
2023-02-23 22:53:47,2,裏面情報,105,AR,SIG-510,2,0,,,
2023-02-23 22:54:42,2,裏面情報,106,MG,MG34,2,0,,,
2023-02-23 22:55:14,2,裏面情報,106,SMG,M38,2,0,,,
2023-02-23 22:55:56,2,裏面情報,106,HG,FF FNP9,2,0,,,
2023-02-23 22:56:24,2,裏面情報,106,AR,SIG-510,2,0,,,
2023-02-23 22:56:53,2,裏面情報,106,MG,MG34,2,0,,,
2023-02-23 22:57:04,2,裏面情報,106,SMG,64式,2,0,,,
2023-02-23 23:00:22,2,裏面情報,107,SMG,M38,2,0,,,
2023-02-23 23:00:53,2,裏面情報,107,RF,G43,2,0,,,
2023-02-23 23:01:37,2,裏面情報,107,MG,MG34,2,0,,,
2023-02-23 23:02:04,2,裏面情報,107,HG,P38,2,0,,,
2023-02-23 23:02:31,2,裏面情報,107,RF,SKS,2,0,,,
2023-02-23 23:02:43,2,裏面情報,107,SMG,MP40,2,0,,,
2023-02-23 23:04:15,2,裏面情報,108,SMG,Micro Uzi,3,1,,,
2023-02-23 23:04:46,2,裏面情報,108,SMG,64式,2,0,,,
2023-02-23 23:05:28,2,裏面情報,108,AR,SIG-510,2,0,,,
2023-02-23 23:05:57,2,裏面情報,108,MG,MG34,2,0,,,
2023-02-23 23:06:24,2,裏面情報,108,MG,MG34,2,0,,,
2023-02-23 23:06:36,2,裏面情報,108,AR,Gr G3,2,0,,,
2023-02-23 23:09:55,2,裏面情報,109,HG,M1911,2,0,,,
2023-02-23 23:10:27,2,裏面情報,109,SMG,MP40,2,0,,,
2023-02-23 23:11:12,2,裏面情報,109,MG,DP28,2,0,,,
2023-02-23 23:11:40,2,裏面情報,109,SMG,M3,2,0,,,
2023-02-23 23:12:09,2,裏面情報,109,SMG,PP-2000,2,0,,,
2023-02-23 23:12:21,2,裏面情報,109,HG,P08,3,1,,,
2023-02-23 23:13:46,2,裏面情報,110,HG,C96,3,1,,,
2023-02-23 23:14:18,2,裏面情報,110,RF,G43,2,0,,,
2023-02-23 23:14:59,2,裏面情報,110,AR,L85A1,2,0,,,
2023-02-23 23:15:27,2,裏面情報,110,HG,M9,3,1,,,
2023-02-23 23:15:54,2,裏面情報,110,MG,DP28,2,0,,,
2023-02-23 23:16:06,2,裏面情報,110,RF,SVT-38,2,0,,,
2023-02-23 23:18:15,2,裏面情報,111,HG,PPK,2,0,,,
2023-02-23 23:18:46,2,裏面情報,111,RF,G43,2,0,,,
2023-02-23 23:19:29,2,裏面情報,111,RF,SKS,2,0,,,
2023-02-23 23:19:58,2,裏面情報,111,SMG,スペクトラM4,2,0,,,
2023-02-23 23:20:27,2,裏面情報,111,MG,DP28,2,0,,,
2023-02-23 23:20:39,2,裏面情報,111,RF,SVT-38,2,0,,,
2023-02-23 23:21:36,2,裏面情報,112,MG,MG34,2,0,,,
2023-02-23 23:22:07,2,裏面情報,112,HG,M1895,2,0,,,
2023-02-23 23:22:50,2,裏面情報,112,HG,M1895,2,0,,,
2023-02-23 23:23:18,2,裏面情報,112,HG,M1911,2,0,,,
2023-02-23 23:23:46,2,裏面情報,112,AR,Gr G3,2,0,,,
2023-02-23 23:23:58,2,裏面情報,112,HG,M9,3,1,,,
2023-02-23 23:26:20,2,裏面情報,113,HG,FF FNP9,2,0,,,
2023-02-23 23:26:49,2,裏面情報,113,HG,P38,2,0,,,
2023-02-23 23:27:31,2,裏面情報,113,SMG,スペクトラM4,2,0,,,
2023-02-23 23:27:57,2,裏面情報,113,HG,P38,2,0,,,
2023-02-23 23:28:26,2,裏面情報,113,HG,FF FNP9,2,0,,,
2023-02-23 23:28:38,2,裏面情報,113,AR,SIG-510,2,0,,,
2023-02-23 23:29:58,2,裏面情報,114,HG,FF FNP9,2,0,,,
2023-02-23 23:30:29,2,裏面情報,114,AR,L85A1,2,0,,,
2023-02-23 23:31:12,2,裏面情報,114,AR,L85A1,2,0,,,
2023-02-23 23:31:35,2,裏面情報,114,RF,SVT-38,2,0,,,
2023-02-23 23:32:02,2,裏面情報,114,AR,L85A1,2,0,,,
2023-02-23 23:32:14,2,裏面情報,114,AR,SIG-510,2,0,,,
2023-02-23 23:44:54,2,裏面情報,115,HG,M1895,2,0,,,
2023-02-23 23:45:25,2,裏面情報,115,SMG,64式,2,0,,,
2023-02-23 23:46:06,2,裏面情報,115,RF,FF FN49,2,0,,,
2023-02-23 23:46:34,2,裏面情報,115,SMG,M3,2,0,,,
2023-02-23 23:46:59,2,裏面情報,115,MG,DP28,2,0,,,
2023-02-23 23:47:11,2,裏面情報,115,MG,MG34,2,0,,,
2023-02-23 23:48:13,2,裏面情報,116,AR,ガリル,2,0,,,
2023-02-23 23:48:44,2,裏面情報,116,HG,MP-446,2,0,,,
2023-02-23 23:49:26,2,裏面情報,116,SMG,m45,2,0,,,
2023-02-23 23:49:54,2,裏面情報,116,RF,SKS,2,0,,,
2023-02-23 23:50:21,2,裏面情報,116,HG,M1911,2,0,,,
2023-02-23 23:50:33,2,裏面情報,116,HG,M1911,2,0,,,
2023-02-23 23:52:37,2,裏面情報,117,SMG,M3,2,0,,,
2023-02-23 23:53:08,2,裏面情報,117,AR,ガリル,2,0,,,
2023-02-23 23:53:52,2,裏面情報,117,SMG,m45,2,0,,,
2023-02-23 23:54:21,2,裏面情報,117,AR,SIG-510,2,0,,,
2023-02-23 23:54:48,2,裏面情報,117,RF,SKS,2,0,,,
2023-02-23 23:55:00,2,裏面情報,117,SMG,M3,2,0,,,
2023-02-23 23:56:48,2,裏面情報,118,MG,DP28,2,0,,,
2023-02-23 23:57:19,2,裏面情報,118,AR,SIG-510,2,0,,,
2023-02-23 23:58:01,2,裏面情報,118,AR,ガリル,2,0,,,
2023-02-23 23:58:30,2,裏面情報,118,HG,PPK,2,0,,,
2023-02-23 23:58:57,2,裏面情報,118,RF,M14,3,1,,,
2023-02-23 23:59:09,2,裏面情報,118,HG,M1895,2,0,,,
2023-02-24 00:10:31,2,裏面情報,119,MG,MG34,2,0,,,
2023-02-24 00:11:01,2,裏面情報,119,SMG,64式,2,0,,,
2023-02-24 00:11:45,2,裏面情報,119,MG,DP28,2,0,,,
2023-02-24 00:12:10,2,裏面情報,119,AR,ガリル,2,0,,,
2023-02-24 00:12:37,2,裏面情報,119,MG,MG34,2,0,,,
2023-02-24 00:12:49,2,裏面情報,119,HG,MP-446,2,0,,,
2023-02-24 00:14:36,2,裏面情報,120,SMG,64式,2,0,,,
2023-02-24 00:15:07,2,裏面情報,120,HG,FF FNP9,2,0,,,
2023-02-24 00:15:49,2,裏面情報,120,MG,MG42,3,1,,,
2023-02-24 00:16:17,2,裏面情報,120,HG,FF FNP9,2,0,,,
2023-02-24 00:16:45,2,裏面情報,120,SMG,M3,2,0,,,
2023-02-24 00:16:57,2,裏面情報,120,AR,ガリル,2,0,,,
2023-02-24 00:19:37,11087,スイーツランド,83,SMG,m45,2,0,,,
2023-02-24 00:19:56,11087,スイーツランド,83,HG,トカレフ,3,1,,,
2023-02-24 00:20:17,11087,スイーツランド,83,SMG,IDW,2,0,,,
2023-02-24 00:20:17,11087,スイーツランド,83,SMG,PPSh-41,2,0,,,
2023-02-24 00:24:14,11087,スイーツランド,84,SMG,m45,2,0,,,
2023-02-24 00:24:34,11087,スイーツランド,84,SMG,PPSh-41,2,0,,,
2023-02-24 00:24:56,11087,スイーツランド,84,RF,It BM59,2,0,,,
2023-02-24 00:25:36,11087,スイーツランド,84,SMG,IDW,2,0,,,
2023-02-24 00:25:36,11087,スイーツランド,84,SMG,m45,2,0,,,
2023-02-24 20:16:17,11087,スイーツランド,85,MG,FG42,2,0,,,
2023-02-24 20:16:58,11087,スイーツランド,85,RF,G43,2,0,,,
2023-02-24 20:17:17,11087,スイーツランド,85,HG,PPK,2,0,,,
2023-02-24 20:17:38,11087,スイーツランド,85,HG,92式,3,1,,,
2023-02-24 20:18:42,11087,スイーツランド,86,SMG,64式,2,0,,,
2023-02-24 20:19:02,11087,スイーツランド,86,RF,SVT-38,2,0,,,
2023-02-24 20:19:24,11087,スイーツランド,86,AR,L85A1,2,0,,,
2023-02-24 20:19:43,11087,スイーツランド,86,AR,SIG-510,2,0,,,
2023-02-24 20:20:04,11087,スイーツランド,86,HG,P08,3,1,,,
2023-02-24 20:20:04,11087,スイーツランド,86,SMG,IDW,2,0,,,
2023-02-24 20:23:09,11087,スイーツランド,87,MG,DP28,2,0,,,
2023-02-24 20:23:31,11087,スイーツランド,87,MG,FG42,2,0,,,
2023-02-24 20:23:51,11087,スイーツランド,87,RF,SVT-38,2,0,,,
2023-02-24 20:24:12,11087,スイーツランド,87,SMG,PPSh-41,2,0,,,
2023-02-24 20:24:12,11087,スイーツランド,87,HG,M1895,2,0,,,
2023-02-24 20:24:53,11087,スイーツランド,88,AR,63式,2,0,,,
2023-02-24 20:25:21,11087,スイーツランド,88,SMG,IDW,2,0,,,
2023-02-24 20:25:57,11087,スイーツランド,88,SMG,IDW,2,0,,,
2023-02-24 20:25:57,11087,スイーツランド,88,SMG,m45,2,0,,,
2023-02-25 00:55:16,11087,スイーツランド,89,SMG,ステンMK-II,3,1,,,
2023-02-25 00:55:34,11087,スイーツランド,89,HG,MP-446,2,0,,,
2023-02-25 00:55:53,11087,スイーツランド,89,RF,G43,2,0,,,
2023-02-25 00:56:20,11087,スイーツランド,89,SMG,PPS-43,3,1,,,
2023-02-25 00:57:17,11087,スイーツランド,90,SMG,IDW,2,0,,,
2023-02-25 00:57:37,11087,スイーツランド,90,AR,SIG-510,2,0,,,
2023-02-25 00:57:57,11087,スイーツランド,90,RF,SVT-38,2,0,,,
2023-02-25 00:58:14,11087,スイーツランド,90,HG,MP-446,2,0,,,
2023-02-25 00:58:14,11087,スイーツランド,90,MG,FG42,2,0,,,
2023-02-25 00:59:10,11087,スイーツランド,91,HG,MP-446,2,0,,,
2023-02-25 00:59:23,11087,スイーツランド,91,SMG,MP40,2,0,,,
2023-02-25 01:00:01,11087,スイーツランド,91,AR,SIG-510,2,0,,,
2023-02-25 01:01:30,11087,スイーツランド,92,RF,G43,2,0,,,
2023-02-25 01:01:53,11087,スイーツランド,92,HG,Gr USPコンパクト,2,0,,,
2023-02-25 01:02:05,11087,スイーツランド,92,HG,コリブリ,5,5,,,
2023-02-25 01:02:20,11087,スイーツランド,92,AR,L85A1,2,0,,,
2023-02-25 01:02:20,11087,スイーツランド,92,SMG,m45,2,0,,,
2023-02-25 01:19:34,2,裏面情報,121,HG,M1895,2,0,,,
2023-02-25 01:19:58,2,裏面情報,121,AR,L85A1,2,0,,,
2023-02-25 01:20:40,2,裏面情報,121,AR,L85A1,2,0,,,
2023-02-25 01:21:06,2,裏面情報,121,HG,P38,2,0,,,
2023-02-25 01:21:34,2,裏面情報,121,RF,FF FN49,2,0,,,
2023-02-25 01:21:46,2,裏面情報,121,HG,PPK,2,0,,,
2023-02-25 01:22:57,2,裏面情報,122,HG,FF FNP9,2,0,,,
2023-02-25 01:23:27,2,裏面情報,122,HG,M1895,2,0,,,
2023-02-25 01:24:09,2,裏面情報,122,MG,MG34,2,0,,,
2023-02-25 01:24:30,2,裏面情報,122,AR,SIG-510,2,0,,,
2023-02-25 01:24:56,2,裏面情報,122,AR,SIG-510,2,0,,,
2023-02-25 01:25:08,2,裏面情報,122,MG,MG34,2,0,,,
2023-02-25 01:26:03,2,裏面情報,123,MG,DP28,2,0,,,
2023-02-25 01:26:35,2,裏面情報,123,RF,G43,2,0,,,
2023-02-25 01:27:15,2,裏面情報,123,SMG,IDW,2,0,,,
2023-02-25 01:27:35,2,裏面情報,123,HG,アストラ,3,1,,,
2023-02-25 01:27:56,2,裏面情報,123,HG,P38,2,0,,,
2023-02-25 01:28:01,2,裏面情報,123,AR,SIG-510,2,0,,,
2023-02-25 01:29:29,2,裏面情報,124,HG,M1895,2,0,,,
2023-02-25 01:29:59,2,裏面情報,124,SMG,M3,2,0,,,
2023-02-25 01:30:41,2,裏面情報,124,HG,P38,2,0,,,
2023-02-25 01:31:04,2,裏面情報,124,MG,DP28,2,0,,,
2023-02-25 01:31:32,2,裏面情報,124,AR,ガリル,2,0,,,
2023-02-25 01:31:36,2,裏面情報,124,SMG,スペクトラM4,2,0,,,
2023-02-25 01:32:37,2,裏面情報,125,RF,SKS,2,0,,,
2023-02-25 01:33:07,2,裏面情報,125,SMG,MP40,2,0,,,
2023-02-25 01:33:51,2,裏面情報,125,HG,P38,2,0,,,
2023-02-25 01:34:17,2,裏面情報,125,AR,SIG-510,2,0,,,
2023-02-25 01:34:36,2,裏面情報,125,SMG,IDW,2,0,,,
2023-02-25 01:34:46,2,裏面情報,125,RF,SKS,2,0,,,
2023-02-25 01:35:42,2,裏面情報,126,AR,ガリル,2,0,,,
2023-02-25 01:36:12,2,裏面情報,126,MG,MG34,2,0,,,
2023-02-25 01:36:54,2,裏面情報,126,HG,P08,3,1,,,
2023-02-25 01:37:21,2,裏面情報,126,HG,P38,2,0,,,
2023-02-25 01:37:49,2,裏面情報,126,RF,SKS,2,0,,,
2023-02-25 01:37:52,2,裏面情報,126,RF,M14,3,1,,,
2023-02-25 01:38:51,2,裏面情報,127,HG,M1911,2,0,,,
2023-02-25 01:39:22,2,裏面情報,127,SMG,M3,2,0,,,
2023-02-25 01:40:02,2,裏面情報,127,HG,MP-446,2,0,,,
2023-02-25 01:40:31,2,裏面情報,127,RF,SVT-38,2,0,,,
2023-02-25 01:40:51,2,裏面情報,127,AR,L85A1,2,0,,,
2023-02-25 01:40:55,2,裏面情報,127,MG,DP28,2,0,,,
2023-02-25 01:43:15,2,裏面情報,128,AR,SIG-510,2,0,,,
2023-02-25 01:43:42,2,裏面情報,128,MG,MG34,2,0,,,
2023-02-25 01:44:24,2,裏面情報,128,AR,SIG-510,2,0,,,
2023-02-25 01:44:53,2,裏面情報,128,AR,L85A1,2,0,,,
2023-02-25 01:45:20,2,裏面情報,128,MG,MG34,2,0,,,
2023-02-25 01:45:32,2,裏面情報,128,RF,FF FN49,2,0,,,
2023-02-25 01:46:58,2,裏面情報,129,HG,PPK,2,0,,,
2023-02-25 01:47:29,2,裏面情報,129,SMG,IDW,2,0,,,
2023-02-25 01:48:07,2,裏面情報,129,RF,SVT-38,2,0,,,
2023-02-25 01:48:24,2,裏面情報,129,RF,SKS,2,0,,,
2023-02-25 01:48:47,2,裏面情報,129,SMG,IDW,2,0,,,
2023-02-25 01:48:51,2,裏面情報,129,SMG,M3,2,0,,,
2023-02-25 01:49:56,2,裏面情報,130,MG,MG34,2,0,,,
2023-02-25 01:50:20,2,裏面情報,130,AR,L85A1,2,0,,,
2023-02-25 01:50:57,2,裏面情報,130,SMG,スペクトラM4,2,0,,,
2023-02-25 01:51:19,2,裏面情報,130,HG,PPK,2,0,,,
2023-02-25 01:51:45,2,裏面情報,130,AR,L85A1,2,0,,,
2023-02-25 01:51:54,2,裏面情報,130,MG,DP28,2,0,,,
2023-02-25 01:53:25,2,裏面情報,131,HG,PPK,2,0,,,
2023-02-25 01:53:57,2,裏面情報,131,AR,SIG-510,2,0,,,
2023-02-25 01:54:34,2,裏面情報,131,SMG,IDW,2,0,,,
2023-02-25 01:54:55,2,裏面情報,131,RF,FF FN49,2,0,,,
2023-02-25 01:55:18,2,裏面情報,131,RF,FF FN49,2,0,,,
2023-02-25 01:55:22,2,裏面情報,131,AR,L85A1,2,0,,,
2023-02-25 01:56:17,2,裏面情報,132,MG,DP28,2,0,,,
2023-02-25 01:56:43,2,裏面情報,132,HG,PPK,2,0,,,
2023-02-25 01:57:22,2,裏面情報,132,MG,DP28,2,0,,,
2023-02-25 01:57:50,2,裏面情報,132,RF,SVT-38,2,0,,,
2023-02-25 01:58:14,2,裏面情報,132,AR,SIG-510,2,0,,,
2023-02-25 01:58:18,2,裏面情報,132,HG,C96,3,1,,,
2023-02-25 01:59:44,2,裏面情報,133,RF,G43,2,0,,,
2023-02-25 02:00:16,2,裏面情報,133,MG,MG34,2,0,,,
2023-02-25 02:01:00,2,裏面情報,133,MG,MG34,2,0,,,
2023-02-25 02:01:26,2,裏面情報,133,AR,L85A1,2,0,,,
2023-02-25 02:01:54,2,裏面情報,133,AR,ガリル,2,0,,,
2023-02-25 02:02:05,2,裏面情報,133,SMG,M3,2,0,,,
2023-02-25 02:05:24,2,裏面情報,134,MG,DP28,2,0,,,
2023-02-25 02:05:48,2,裏面情報,134,HG,P38,2,0,,,
2023-02-25 02:06:23,2,裏面情報,134,HG,M1895,2,0,,,
2023-02-25 02:06:48,2,裏面情報,134,HG,PPK,2,0,,,
2023-02-25 02:07:14,2,裏面情報,134,HG,FF FNP9,2,0,,,
2023-02-25 02:07:26,2,裏面情報,134,HG,MP-446,2,0,,,
