地区ID,地区名,戦闘形式,人形ID,種類,人形,レベル,改造,リンク数,最大HP,会心率,会心ダメージ,破甲,火力,命中,回避,射速,防御,弾薬数,好感度,誓約,スキル1,スキル2,装備1,装備2,装備3,作戦能力,ダメージ予測 (1-Fairy),ダメージ予測 (2-Fairy),ダメージ予測 (3-Fairy),ダメージ予測 (4-Fairy),順位
714,初級4,昼戦,242,HG,P22,97,0,5,345,45%,150%,11,31,64,162,62,0,0,83,0,7,0,専用装備 (5-Star),ホローポイント弾 (4-Star),T外骨格 (5-Star),3534,485,583,680,777,1
714,初級4,昼戦,20056,AR,M4 SOPMOD II Mod,102,1,5,555,110%,150%,15,74,52,48,78,0,0,100,0,10,0,オプティカル (4-Star),オプティカル (5-Star),高速弾 (5-Star),5349,468,561,655,748,2
714,初級4,昼戦,20057,AR,ST AR-15 Mod,103,1,5,525,100%,150%,15,71,56,53,77,0,0,100,0,10,0,オプティカル (4-Star),オプティカル (5-Star),高速弾 (5-Star),5152,450,540,631,721,3
714,初級4,昼戦,341,SMG,SP9,97,0,5,1085,5%,150%,11,35,34,87,87,0,0,98,0,7,0,T外骨格 (3-Star),ホローポイント弾 (4-Star),ドットサイト (4-Star),5434,407,489,570,652,4
714,初級4,昼戦,1,HG,コルトSAA,98,0,5,395,34%,150%,11,46,51,99,47,0,0,98,0,4,0,サイレンサー (4-Star),ホローポイント弾 (4-Star),X外骨格 (4-Star),2955,406,487,568,650,5
714,初級4,昼戦,20055,AR,M4A1 Mod,104,1,5,555,52%,150%,15,61,51,67,79,0,0,100,0,8,0,オプティカル (4-Star),高速弾 (4-Star),T外骨格 (3-Star),4537,396,476,555,635,6
714,初級4,昼戦,54,AR,M16A1,91,0,5,580,20%,150%,15,57,42,38,73,18,0,82,0,1,0,高速弾 (4-Star),防弾ベスト (4-Star),防弾ベスト (5-Star),4345,380,456,532,608,7
714,初級4,昼戦,97,HG,M950A,90,0,5,365,35%,150%,15,28,58,72,70,0,0,81,0,2,0,レッドサイト (3-Star),-,X外骨格 (3-Star),2548,350,420,490,560,8
714,初級4,昼戦,143,SMG,RO635,96,0,5,950,5%,150%,15,28,21,85,93,0,0,88,0,5,0,T外骨格 (3-Star),-,ホロサイト (4-Star),4567,342,411,479,548,9
714,初級4,昼戦,198,RF,カルカノ M91/38,90,0,5,345,64%,175%,195,136,82,40,33,0,0,67,0,10,0,徹甲弾 (5-Star),オプティカル (3-Star),カモフラージュマント (5-Star),5294,264,317,370,423,10
714,初級4,昼戦,247,RF,K31,90,0,5,370,64%,175%,165,118,71,34,38,0,0,67,0,8,0,徹甲弾 (4-Star),オプティカル (3-Star),カモフラージュマント (5-Star),5025,251,301,351,402,11
714,初級4,昼戦,29,SMG,ステンMK-II,91,0,4,708,5%,150%,15,28,21,78,73,0,0,51,0,1,0,X外骨格 (3-Star),-,ホロサイト (4-Star),3072,230,276,322,368,12
714,初級4,昼戦,27,SMG,スコーピオン,73,0,4,548,5%,150%,15,20,10,73,87,0,0,56,0,1,0,X外骨格 (3-Star),-,-,2276,204,245,286,327,13
714,初級4,昼戦,345,MG,MG338,81,0,4,628,20%,150%,415,91,35,22,112,0,9,75,0,10,0,特殊貫通弾 (4-Star),レッドサイト (3-Star),固定銃架 (3-Star),6080,152,182,212,243,14
714,初級4,昼戦,36,RF,スプリングフィールド,73,0,4,292,64%,150%,165,106,55,31,29,0,0,55,0,1,0,徹甲弾 (4-Star),オプティカル (3-Star),-,2618,130,157,183,209,15
714,初級4,昼戦,99,HG,Gr Mk23,46,0,3,174,30%,150%,15,19,28,39,53,0,0,52,0,1,0,サイレンサー (3-Star),-,-,855,117,141,164,188,16
714,初級4,昼戦,331,HG,コリブリ,46,0,3,144,30%,150%,15,10,31,71,47,0,0,51,0,1,0,サイレンサー (3-Star),-,-,834,114,137,160,183,17
714,初級4,昼戦,6,HG,トカレフ,40,0,3,180,30%,150%,15,20,23,36,42,0,0,50,0,1,0,サイレンサー (3-Star),-,-,784,107,129,150,172,18
714,初級4,昼戦,12,HG,C96,40,0,3,174,30%,150%,15,19,20,34,51,0,0,72,0,1,0,サイレンサー (3-Star),-,-,777,106,128,149,170,19
714,初級4,昼戦,32,SMG,Micro Uzi,55,0,3,369,5%,150%,15,15,7,64,89,0,0,50,0,1,0,T外骨格 (3-Star),-,-,1408,105,126,147,168,20
714,初級4,昼戦,10,HG,PPK,30,0,3,111,30%,150%,15,14,23,42,49,0,0,50,0,1,0,サイレンサー (3-Star),-,-,631,104,124,145,166,21
714,初級4,昼戦,253,MG,ルイス,74,0,4,660,5%,150%,165,84,36,24,105,0,10,51,0,1,0,徹甲弾 (4-Star),ドットサイト (3-Star),-,4154,103,124,145,166,22
714,初級4,昼戦,26,SMG,Gr MP5,50,0,3,375,5%,150%,15,18,8,55,76,0,0,50,0,1,0,T外骨格 (3-Star),-,-,1350,101,121,141,162,23
714,初級4,昼戦,2,HG,M1911,36,0,3,150,30%,150%,15,16,22,36,45,0,0,40,0,1,0,サイレンサー (3-Star),-,-,690,94,113,132,151,24
714,初級4,昼戦,53,RF,NTW-20,61,0,3,225,64%,150%,165,122,49,20,27,0,0,53,0,1,0,徹甲弾 (4-Star),オプティカル (3-Star),-,1899,94,113,132,151,25
714,初級4,昼戦,5,HG,M1895,34,0,3,141,30%,150%,15,19,21,44,34,0,0,100,0,1,0,サイレンサー (3-Star),-,-,679,93,112,130,149,26
714,初級4,昼戦,61,AR,StG44,40,0,3,267,20%,150%,15,33,34,18,48,0,0,51,0,1,0,ドットサイト (3-Star),-,-,1001,87,105,122,140,27
714,初級4,昼戦,105,AR,OTs-12,40,0,3,219,20%,150%,15,26,38,26,57,0,0,51,0,1,0,ドットサイト (3-Star),-,-,982,85,103,120,137,28
714,初級4,昼戦,323,SG,LTLX7000,56,0,3,642,40%,150%,15,17,17,6,25,22,5,75,0,6,0,防弾ベスト (4-Star),スラッグ弾 (3-Star),-,2238,83,100,117,134,29
714,初級4,昼戦,162,SG,SPAS-12,65,0,3,681,40%,140%,15,26,8,6,41,19,4,51,0,1,0,防弾ベスト (3-Star),バードショット (5-Star),-,2094,78,94,109,125,30
714,初級4,昼戦,71,AR,ガリル,34,0,3,210,20%,150%,15,28,30,18,50,0,0,50,0,1,0,ドットサイト (3-Star),-,-,852,74,89,104,119,31
714,初級4,昼戦,154,SG,M500,61,0,3,636,40%,150%,15,24,8,6,26,18,4,51,0,1,0,防弾ベスト (3-Star),-,-,1866,69,83,97,111,32
714,初級4,昼戦,273,RF,SSG3000,43,0,3,189,40%,150%,127,79,39,15,31,0,0,74,0,1,0,徹甲弾 (3-Star),-,-,1368,68,82,95,109,33
714,初級4,昼戦,44,RF,SV-98,36,0,3,171,40%,150%,127,72,33,13,30,0,0,50,0,1,0,徹甲弾 (3-Star),-,-,1199,59,71,83,95,34
714,初級4,昼戦,75,MG,M1918,56,0,3,366,5%,150%,165,73,26,20,94,0,8,50,0,1,0,徹甲弾 (4-Star),ホロサイト (4-Star),-,2200,55,66,77,88,35
714,初級4,昼戦,81,MG,LWMMG,57,0,3,408,5%,150%,165,75,23,15,76,0,9,56,0,1,0,徹甲弾 (4-Star),ホロサイト (4-Star),-,2164,54,64,75,86,36
714,初級4,昼戦,354,HG,ZiP .22,14,0,2,76,20%,150%,15,15,11,22,47,0,0,50,0,3,0,-,-,-,379,52,62,72,83,37
714,初級4,昼戦,94,SMG,64式,23,0,2,216,5%,150%,15,13,4,28,72,0,0,50,0,1,0,T外骨格 (2-Star),-,-,579,43,52,60,69,38
714,初級4,昼戦,95,RF,漢陽88式,55,0,1,79,72%,150%,165,77,37,23,27,0,0,72,0,2,0,徹甲弾 (4-Star),オプティカル (4-Star),-,514,25,30,35,41,39
714,初級4,昼戦,7,HG,スチェッキン,1,0,1,42,20%,150%,15,11,6,9,45,0,0,50,0,6,0,-,-,-,182,25,30,35,40,40
714,初級4,昼戦,114,HG,ウェルロッドMkⅡ,1,0,1,40,40%,150%,15,9,8,10,33,0,0,50,0,1,0,-,-,-,153,21,25,29,33,41
714,初級4,昼戦,233,HG,Px4 ストーム,1,0,1,34,20%,150%,15,12,8,11,37,0,0,50,0,1,0,-,-,-,149,20,24,28,32,42
714,初級4,昼戦,310,HG,Rex Zero 1,1,0,1,35,20%,150%,15,12,8,10,42,0,0,50,0,1,0,-,-,-,148,20,24,28,32,43
714,初級4,昼戦,8,HG,マカロフ,1,0,1,32,20%,150%,15,9,7,11,40,0,0,50,0,1,0,-,-,-,137,18,22,26,30,44
714,初級4,昼戦,91,HG,MP-446,1,0,1,33,20%,150%,15,11,7,9,40,0,0,50,0,1,0,-,-,-,134,18,22,25,29,45
714,初級4,昼戦,342,AR,KH2002,1,0,1,66,20%,150%,15,19,7,5,53,0,0,50,0,1,0,-,-,-,195,17,20,23,27,46
714,初級4,昼戦,106,AR,FAL,1,0,1,66,20%,150%,15,21,6,5,49,0,0,50,0,1,0,-,-,-,191,16,20,23,26,47
714,初級4,昼戦,349,AR,AK74M,1,0,1,55,20%,150%,15,17,7,5,48,0,0,50,0,1,0,-,-,-,173,15,18,21,24,48
714,初級4,昼戦,33,SMG,m45,1,0,1,93,5%,150%,15,12,2,9,52,0,0,50,0,1,0,-,-,-,200,15,18,21,24,49
714,初級4,昼戦,365,AR,SCR,1,0,1,55,20%,150%,15,17,6,6,51,0,0,50,0,1,0,-,-,-,177,15,18,21,24,50
714,初級4,昼戦,22,SMG,PPS-43,1,0,1,88,5%,150%,15,13,2,9,52,0,0,50,0,1,0,-,-,-,198,14,17,20,23,51
714,初級4,昼戦,74,AR,SIG-510,1,0,1,58,20%,150%,15,20,5,5,39,0,0,50,0,1,0,-,-,-,162,14,17,19,22,52
714,初級4,昼戦,133,AR,63式,1,0,1,50,20%,150%,15,19,5,5,50,0,0,50,0,1,0,-,-,-,157,13,16,19,21,53
714,初級4,昼戦,68,AR,L85A1,1,0,1,47,20%,150%,15,16,5,5,52,0,0,50,0,1,0,-,-,-,151,13,15,18,21,54
714,初級4,昼戦,93,SMG,IDW,1,0,1,75,5%,150%,15,9,2,10,49,0,0,50,0,1,0,-,-,-,178,13,16,18,21,55
714,初級4,昼戦,324,SG,M6 ASW,1,0,1,130,40%,150%,15,14,2,2,19,3,4,50,0,1,0,-,-,-,260,9,11,13,15,56
714,初級4,昼戦,197,RF,カルカノ M1891,1,0,1,40,40%,150%,15,45,9,5,22,0,0,50,0,1,0,-,-,-,170,8,10,11,13,57
714,初級4,昼戦,39,RF,モシン・ナガン,1,0,1,44,40%,150%,15,45,10,5,20,0,0,50,0,1,0,-,-,-,170,8,10,11,13,58
714,初級4,昼戦,47,RF,G43,1,0,1,40,40%,150%,15,41,8,4,27,0,0,50,0,1,0,-,-,-,159,7,9,11,12,59
714,初級4,昼戦,80,MG,M1919A4,1,0,1,91,5%,150%,15,36,4,3,69,0,9,50,0,1,0,-,-,-,234,5,7,8,9,60
718,初級8,昼戦,20056,AR,M4 SOPMOD II Mod,102,1,5,555,110%,150%,15,74,52,48,78,0,0,100,0,10,0,オプティカル (4-Star),オプティカル (5-Star),高速弾 (5-Star),5349,735,882,1029,1176,1
718,初級8,昼戦,20055,AR,M4A1 Mod,104,1,5,555,68%,150%,15,66,51,86,79,0,0,100,0,8,0,オプティカル (5-Star),高速弾 (5-Star),T外骨格 (5-Star),5164,710,852,994,1136,2
718,初級8,昼戦,20057,AR,ST AR-15 Mod,103,1,5,525,66%,150%,15,63,56,60,77,0,0,100,0,10,0,オプティカル (4-Star),サイレンサー (4-Star),高速弾 (4-Star),4614,634,761,888,1015,3
718,初級8,昼戦,54,AR,M16A1,91,0,5,580,20%,150%,15,57,42,38,73,18,0,82,0,1,0,高速弾 (4-Star),防弾ベスト (4-Star),防弾ベスト (5-Star),4345,597,716,836,955,4
718,初級8,昼戦,242,HG,P22,97,0,5,345,45%,150%,11,37,64,140,62,0,0,83,0,7,0,専用装備 (5-Star),ホローポイント弾 (4-Star),X外骨格 (4-Star),3485,479,575,670,766,5
718,初級8,昼戦,341,SMG,SP9,97,0,5,1085,5%,150%,11,35,34,87,87,0,0,98,0,7,0,T外骨格 (3-Star),ホローポイント弾 (4-Star),ドットサイト (4-Star),5434,407,489,570,652,6
718,初級8,昼戦,1,HG,コルトSAA,98,0,5,395,35%,150%,11,43,59,95,47,0,0,98,0,4,0,レッドサイト (3-Star),ホローポイント弾 (4-Star),T外骨格 (3-Star),2896,398,477,557,637,7
718,初級8,昼戦,345,MG,MG338,81,0,4,628,20%,150%,415,91,35,22,112,0,9,75,0,10,0,特殊貫通弾 (4-Star),レッドサイト (3-Star),固定銃架 (3-Star),6080,380,456,532,608,8
718,初級8,昼戦,97,HG,M950A,90,0,5,365,30%,150%,15,28,50,76,70,0,0,81,0,2,0,サイレンサー (3-Star),-,X外骨格 (3-Star),2528,347,417,486,556,9
718,初級8,昼戦,143,SMG,RO635,96,0,5,950,5%,150%,15,28,21,85,93,0,0,88,0,5,0,T外骨格 (3-Star),-,ホロサイト (4-Star),4567,342,411,479,548,10
718,初級8,昼戦,253,MG,ルイス,74,0,4,660,5%,150%,195,84,36,24,105,0,10,51,0,1,0,徹甲弾 (5-Star),ドットサイト (3-Star),-,4344,271,325,380,434,11
718,初級8,昼戦,29,SMG,ステンMK-II,91,0,4,708,5%,150%,15,28,21,78,73,0,0,51,0,1,0,X外骨格 (3-Star),-,ホロサイト (4-Star),3072,230,276,322,368,12
718,初級8,昼戦,198,RF,カルカノ M91/38,90,0,5,345,72%,175%,165,136,82,40,33,0,0,67,0,10,0,徹甲弾 (4-Star),オプティカル (4-Star),カモフラージュマント (5-Star),5251,196,236,275,315,13
718,初級8,昼戦,247,RF,K31,90,0,5,370,64%,175%,165,118,71,34,38,0,0,67,0,8,0,徹甲弾 (4-Star),オプティカル (3-Star),カモフラージュマント (5-Star),5025,188,226,263,301,14
718,初級8,昼戦,27,SMG,スコーピオン,73,0,4,548,5%,150%,15,20,10,73,87,0,0,56,0,1,0,X外骨格 (3-Star),-,-,2276,170,204,238,273,15
718,初級8,昼戦,323,SG,LTLX7000,56,0,3,642,40%,150%,15,17,17,6,25,22,5,75,0,6,0,防弾ベスト (4-Star),スラッグ弾 (3-Star),-,2238,139,167,195,223,16
718,初級8,昼戦,61,AR,StG44,40,0,3,267,20%,150%,15,33,34,18,48,0,0,51,0,1,0,ドットサイト (3-Star),-,-,1001,137,165,192,220,17
718,初級8,昼戦,75,MG,M1918,56,0,3,366,5%,150%,165,73,26,20,94,0,8,50,0,1,0,徹甲弾 (4-Star),ホロサイト (4-Star),-,2200,137,165,192,220,18
718,初級8,昼戦,105,AR,OTs-12,40,0,3,219,20%,150%,15,26,38,26,57,0,0,51,0,1,0,ドットサイト (3-Star),-,-,982,135,162,189,216,19
718,初級8,昼戦,81,MG,LWMMG,57,0,3,408,5%,150%,165,75,23,15,76,0,9,56,0,1,0,徹甲弾 (4-Star),ホロサイト (4-Star),-,2164,135,162,189,216,20
718,初級8,昼戦,162,SG,SPAS-12,65,0,3,681,40%,140%,15,26,8,6,41,19,4,51,0,1,0,防弾ベスト (3-Star),バードショット (5-Star),-,2094,130,157,183,209,21
718,初級8,昼戦,6,HG,トカレフ,40,0,3,180,30%,150%,15,20,23,36,42,0,0,50,0,1,0,サイレンサー (3-Star),-,-,784,129,155,181,206,22
718,初級8,昼戦,99,HG,Gr Mk23,46,0,3,174,30%,150%,15,19,28,39,53,0,0,52,0,1,0,サイレンサー (3-Star),-,-,855,117,141,164,188,23
718,初級8,昼戦,71,AR,ガリル,34,0,3,210,20%,150%,15,28,30,18,50,0,0,50,0,1,0,ドットサイト (3-Star),-,-,852,117,140,164,187,24
718,初級8,昼戦,154,SG,M500,61,0,3,636,40%,150%,15,24,8,6,26,18,4,51,0,1,0,防弾ベスト (3-Star),-,-,1866,116,139,163,186,25
718,初級8,昼戦,331,HG,コリブリ,46,0,3,144,30%,150%,15,10,31,71,47,0,0,51,0,1,0,サイレンサー (3-Star),-,-,834,114,137,160,183,26
718,初級8,昼戦,12,HG,C96,40,0,3,174,30%,150%,15,19,20,34,51,0,0,72,0,1,0,サイレンサー (3-Star),-,-,777,106,128,149,170,27
718,初級8,昼戦,32,SMG,Micro Uzi,55,0,3,369,5%,150%,15,15,7,64,89,0,0,50,0,1,0,T外骨格 (3-Star),-,-,1408,105,126,147,168,28
718,初級8,昼戦,26,SMG,Gr MP5,50,0,3,375,5%,150%,15,18,8,55,76,0,0,50,0,1,0,T外骨格 (3-Star),-,-,1350,101,121,141,162,29
718,初級8,昼戦,2,HG,M1911,36,0,3,150,30%,150%,15,16,22,36,45,0,0,40,0,1,0,サイレンサー (3-Star),-,-,690,94,113,132,151,30
718,初級8,昼戦,5,HG,M1895,34,0,3,141,30%,150%,15,19,21,44,34,0,0,100,0,1,0,サイレンサー (3-Star),-,-,679,93,112,130,149,31
718,初級8,昼戦,36,RF,スプリングフィールド,73,0,4,292,64%,150%,127,106,55,31,29,0,0,55,0,1,0,徹甲弾 (3-Star),オプティカル (3-Star),-,2481,93,111,130,148,32
718,初級8,昼戦,10,HG,PPK,30,0,3,111,30%,150%,15,14,23,42,49,0,0,50,0,1,0,サイレンサー (3-Star),-,-,631,86,104,121,138,33
718,初級8,昼戦,53,RF,NTW-20,61,0,3,225,64%,150%,127,122,49,20,27,0,0,53,0,1,0,徹甲弾 (3-Star),オプティカル (3-Star),-,1807,67,81,94,108,34
718,初級8,昼戦,354,HG,ZiP .22,14,0,2,76,20%,150%,15,15,11,22,47,0,0,50,0,3,0,-,-,-,379,52,62,72,83,35
718,初級8,昼戦,273,RF,SSG3000,43,0,3,189,40%,150%,127,79,39,15,31,0,0,74,0,1,0,徹甲弾 (3-Star),-,-,1368,51,61,71,82,36
718,初級8,昼戦,44,RF,SV-98,36,0,3,171,40%,150%,127,72,33,13,30,0,0,50,0,1,0,徹甲弾 (3-Star),-,-,1199,44,53,62,71,37
718,初級8,昼戦,94,SMG,64式,23,0,2,216,5%,150%,15,13,4,28,72,0,0,50,0,1,0,T外骨格 (2-Star),-,-,579,43,52,60,69,38
718,初級8,昼戦,106,AR,FAL,1,0,1,66,20%,150%,15,21,6,5,49,0,0,50,0,1,0,-,-,-,191,31,37,44,50,39
718,初級8,昼戦,342,AR,KH2002,1,0,1,66,20%,150%,15,19,7,5,53,0,0,50,0,1,0,-,-,-,195,26,32,37,42,40
718,初級8,昼戦,7,HG,スチェッキン,1,0,1,42,20%,150%,15,11,6,9,45,0,0,50,0,6,0,-,-,-,182,25,30,35,40,41
718,初級8,昼戦,349,AR,AK74M,1,0,1,55,20%,150%,15,17,7,5,48,0,0,50,0,1,0,-,-,-,173,23,28,33,38,42
718,初級8,昼戦,365,AR,SCR,1,0,1,55,20%,150%,15,17,6,6,51,0,0,50,0,1,0,-,-,-,177,24,29,34,38,43
718,初級8,昼戦,74,AR,SIG-510,1,0,1,58,20%,150%,15,20,5,5,39,0,0,50,0,1,0,-,-,-,162,22,26,31,35,44
718,初級8,昼戦,133,AR,63式,1,0,1,50,20%,150%,15,19,5,5,50,0,0,50,0,1,0,-,-,-,157,21,25,30,34,45
718,初級8,昼戦,114,HG,ウェルロッドMkⅡ,1,0,1,40,40%,150%,15,9,8,10,33,0,0,50,0,1,0,-,-,-,153,21,25,29,33,46
718,初級8,昼戦,68,AR,L85A1,1,0,1,47,20%,150%,15,16,5,5,52,0,0,50,0,1,0,-,-,-,151,20,24,29,33,47
718,初級8,昼戦,233,HG,Px4 ストーム,1,0,1,34,20%,150%,15,12,8,11,37,0,0,50,0,1,0,-,-,-,149,20,24,28,32,48
718,初級8,昼戦,310,HG,Rex Zero 1,1,0,1,35,20%,150%,15,12,8,10,42,0,0,50,0,1,0,-,-,-,148,20,24,28,32,49
718,初級8,昼戦,8,HG,マカロフ,1,0,1,32,20%,150%,15,9,7,11,40,0,0,50,0,1,0,-,-,-,137,18,22,26,30,50
718,初級8,昼戦,95,RF,漢陽88式,55,0,1,79,64%,150%,165,77,37,23,27,0,0,72,0,2,0,徹甲弾 (4-Star),オプティカル (3-Star),-,506,18,22,26,30,51
718,初級8,昼戦,91,HG,MP-446,1,0,1,33,20%,150%,15,11,7,9,40,0,0,50,0,1,0,-,-,-,134,18,22,25,29,52
718,初級8,昼戦,324,SG,M6 ASW,1,0,1,130,40%,150%,15,14,2,2,19,3,4,50,0,1,0,-,-,-,260,16,19,22,26,53
718,初級8,昼戦,33,SMG,m45,1,0,1,93,5%,150%,15,12,2,9,52,0,0,50,0,1,0,-,-,-,200,15,18,21,24,54
718,初級8,昼戦,22,SMG,PPS-43,1,0,1,88,5%,150%,15,13,2,9,52,0,0,50,0,1,0,-,-,-,198,14,17,20,23,55
718,初級8,昼戦,80,MG,M1919A4,1,0,1,91,5%,150%,15,36,4,3,69,0,9,50,0,1,0,-,-,-,234,14,17,20,23,56
718,初級8,昼戦,93,SMG,IDW,1,0,1,75,5%,150%,15,9,2,10,49,0,0,50,0,1,0,-,-,-,178,13,16,18,21,57
718,初級8,昼戦,197,RF,カルカノ M1891,1,0,1,40,40%,150%,15,45,9,5,22,0,0,50,0,1,0,-,-,-,170,6,7,8,10,58
718,初級8,昼戦,39,RF,モシン・ナガン,1,0,1,44,40%,150%,15,45,10,5,20,0,0,50,0,1,0,-,-,-,170,6,7,8,10,59
718,初級8,昼戦,47,RF,G43,1,0,1,40,40%,150%,15,41,8,4,27,0,0,50,0,1,0,-,-,-,159,5,7,8,9,60
724,中級4,昼戦,341,SMG,SP9,97,0,5,1085,5%,150%,11,32,34,106,87,0,0,98,0,7,0,T外骨格 (5-Star),ホローポイント弾 (4-Star),ドットサイト (4-Star),5943,742,891,1040,1188,1
724,中級4,昼戦,20056,AR,M4 SOPMOD II Mod,102,1,5,555,110%,150%,15,74,52,48,78,0,0,100,0,10,0,オプティカル (4-Star),オプティカル (5-Star),高速弾 (5-Star),5349,735,882,1029,1176,2
724,中級4,昼戦,20057,AR,ST AR-15 Mod,103,1,5,525,100%,150%,15,71,56,53,77,0,0,100,0,10,0,オプティカル (4-Star),オプティカル (5-Star),高速弾 (5-Star),5152,708,850,991,1133,3
724,中級4,昼戦,20055,AR,M4A1 Mod,104,1,5,555,52%,150%,15,64,51,64,79,0,0,100,0,8,0,オプティカル (4-Star),高速弾 (4-Star),X外骨格 (4-Star),4592,631,757,883,1010,4
724,中級4,昼戦,54,AR,M16A1,91,0,5,580,20%,150%,15,57,42,38,73,18,0,82,0,1,0,高速弾 (4-Star),防弾ベスト (4-Star),防弾ベスト (5-Star),4345,597,716,836,955,5
724,中級4,昼戦,143,SMG,RO635,96,0,5,950,5%,150%,11,33,26,85,95,0,0,88,0,5,0,T外骨格 (3-Star),ホローポイント弾 (4-Star),ドットサイト (3-Star),4764,595,714,833,952,6
724,中級4,昼戦,242,HG,P22,97,0,5,345,45%,150%,11,37,64,136,62,0,0,83,0,7,0,専用装備 (5-Star),ホローポイント弾 (4-Star),X外骨格 (3-Star),3446,473,568,663,758,7
724,中級4,昼戦,29,SMG,ステンMK-II,91,0,4,708,19%,150%,15,21,14,92,76,0,0,51,0,1,0,T外骨格 (3-Star),-,サイレンサー (4-Star),3212,401,481,562,642,8
724,中級4,昼戦,198,RF,カルカノ M91/38,90,0,5,345,64%,175%,195,136,82,40,33,0,0,67,0,10,0,徹甲弾 (5-Star),オプティカル (3-Star),カモフラージュマント (5-Star),5294,397,476,555,635,9
724,中級4,昼戦,1,HG,コルトSAA,98,0,5,395,35%,150%,15,34,59,95,47,0,0,98,0,4,0,レッドサイト (3-Star),-,T外骨格 (3-Star),2743,377,452,528,603,10
724,中級4,昼戦,247,RF,K31,90,0,5,370,64%,175%,165,118,71,34,38,0,0,67,0,8,0,徹甲弾 (4-Star),オプティカル (3-Star),カモフラージュマント (5-Star),5025,376,452,527,603,11
724,中級4,昼戦,97,HG,M950A,90,0,5,365,35%,150%,15,28,58,72,70,0,0,81,0,2,0,レッドサイト (3-Star),-,X外骨格 (3-Star),2548,350,420,490,560,12
724,中級4,昼戦,27,SMG,スコーピオン,73,0,4,548,5%,150%,15,20,10,73,87,0,0,56,0,1,0,X外骨格 (3-Star),-,-,2276,284,341,398,455,13
724,中級4,昼戦,345,MG,MG338,81,0,4,628,29%,150%,415,91,27,22,112,0,9,75,0,10,0,特殊貫通弾 (4-Star),オプティカル (3-Star),固定銃架 (3-Star),5781,216,260,303,346,14
724,中級4,昼戦,36,RF,スプリングフィールド,73,0,4,292,64%,150%,165,106,55,31,29,0,0,55,0,1,0,徹甲弾 (4-Star),オプティカル (3-Star),-,2618,196,235,274,314,15
724,中級4,昼戦,32,SMG,Micro Uzi,55,0,3,369,5%,150%,15,15,7,64,89,0,0,50,0,1,0,T外骨格 (3-Star),-,-,1408,176,211,246,281,16
724,中級4,昼戦,26,SMG,Gr MP5,50,0,3,375,5%,150%,15,18,8,55,76,0,0,50,0,1,0,T外骨格 (3-Star),-,-,1350,168,202,236,270,17
724,中級4,昼戦,253,MG,ルイス,74,0,4,660,5%,150%,165,88,31,24,103,0,10,51,0,1,0,徹甲弾 (4-Star),ホロサイト (4-Star),-,4060,152,182,213,243,18
724,中級4,昼戦,53,RF,NTW-20,61,0,3,225,64%,150%,165,122,49,20,27,0,0,53,0,1,0,徹甲弾 (4-Star),オプティカル (3-Star),-,1899,142,170,199,227,19
724,中級4,昼戦,323,SG,LTLX7000,56,0,3,642,40%,150%,15,17,17,6,25,22,5,75,0,6,0,防弾ベスト (4-Star),スラッグ弾 (3-Star),-,2238,139,167,195,223,20
724,中級4,昼戦,61,AR,StG44,40,0,3,267,20%,150%,15,33,34,18,48,0,0,51,0,1,0,ドットサイト (3-Star),-,-,1001,137,165,192,220,21
724,中級4,昼戦,105,AR,OTs-12,40,0,3,219,20%,150%,15,26,38,26,57,0,0,51,0,1,0,ドットサイト (3-Star),-,-,982,135,162,189,216,22
724,中級4,昼戦,162,SG,SPAS-12,65,0,3,681,40%,140%,15,26,8,6,41,19,4,51,0,1,0,防弾ベスト (3-Star),バードショット (5-Star),-,2094,130,157,183,209,23
724,中級4,昼戦,99,HG,Gr Mk23,46,0,3,174,30%,150%,15,19,28,39,53,0,0,52,0,1,0,サイレンサー (3-Star),-,-,855,117,141,164,188,24
724,中級4,昼戦,71,AR,ガリル,34,0,3,210,20%,150%,15,28,30,18,50,0,0,50,0,1,0,ドットサイト (3-Star),-,-,852,117,140,164,187,25
724,中級4,昼戦,154,SG,M500,61,0,3,636,40%,150%,15,24,8,6,26,18,4,51,0,1,0,防弾ベスト (3-Star),-,-,1866,116,139,163,186,26
724,中級4,昼戦,331,HG,コリブリ,46,0,3,144,30%,150%,15,10,31,71,47,0,0,51,0,1,0,サイレンサー (3-Star),-,-,834,114,137,160,183,27
724,中級4,昼戦,6,HG,トカレフ,40,0,3,180,30%,150%,15,20,23,36,42,0,0,50,0,1,0,サイレンサー (3-Star),-,-,784,107,129,150,172,28
724,中級4,昼戦,12,HG,C96,40,0,3,174,30%,150%,15,19,20,34,51,0,0,72,0,1,0,サイレンサー (3-Star),-,-,777,106,128,149,170,29
724,中級4,昼戦,273,RF,SSG3000,43,0,3,189,40%,150%,127,79,39,15,31,0,0,74,0,1,0,徹甲弾 (3-Star),-,-,1368,102,123,143,164,30
724,中級4,昼戦,2,HG,M1911,36,0,3,150,30%,150%,15,16,22,36,45,0,0,40,0,1,0,サイレンサー (3-Star),-,-,690,94,113,132,151,31
724,中級4,昼戦,5,HG,M1895,34,0,3,141,30%,150%,15,19,21,44,34,0,0,100,0,1,0,サイレンサー (3-Star),-,-,679,93,112,130,149,32
724,中級4,昼戦,44,RF,SV-98,36,0,3,171,40%,150%,127,72,33,13,30,0,0,50,0,1,0,徹甲弾 (3-Star),-,-,1199,89,107,125,143,33
724,中級4,昼戦,10,HG,PPK,30,0,3,111,30%,150%,15,14,23,42,49,0,0,50,0,1,0,サイレンサー (3-Star),-,-,631,86,104,121,138,34
724,中級4,昼戦,75,MG,M1918,56,0,3,366,5%,150%,165,73,26,20,94,0,8,50,0,1,0,徹甲弾 (4-Star),ホロサイト (4-Star),-,2200,82,99,115,132,35
724,中級4,昼戦,81,MG,LWMMG,57,0,3,408,5%,150%,165,75,23,15,76,0,9,56,0,1,0,徹甲弾 (4-Star),ホロサイト (4-Star),-,2164,81,97,113,129,36
724,中級4,昼戦,94,SMG,64式,23,0,2,216,5%,150%,15,13,4,28,72,0,0,50,0,1,0,T外骨格 (2-Star),-,-,579,72,86,101,115,37
724,中級4,昼戦,354,HG,ZiP .22,14,0,2,76,20%,150%,15,15,11,22,47,0,0,50,0,3,0,-,-,-,379,52,62,72,83,38
724,中級4,昼戦,95,RF,漢陽88式,55,0,1,79,72%,150%,165,77,37,23,27,0,0,72,0,2,0,徹甲弾 (4-Star),オプティカル (4-Star),-,514,38,46,53,61,39
724,中級4,昼戦,342,AR,KH2002,1,0,1,66,20%,150%,15,19,7,5,53,0,0,50,0,1,0,-,-,-,195,26,32,37,42,40
724,中級4,昼戦,106,AR,FAL,1,0,1,66,20%,150%,15,21,6,5,49,0,0,50,0,1,0,-,-,-,191,26,31,36,42,41
724,中級4,昼戦,7,HG,スチェッキン,1,0,1,42,20%,150%,15,11,6,9,45,0,0,50,0,6,0,-,-,-,182,25,30,35,40,42
724,中級4,昼戦,33,SMG,m45,1,0,1,93,5%,150%,15,12,2,9,52,0,0,50,0,1,0,-,-,-,200,25,30,35,40,43
724,中級4,昼戦,22,SMG,PPS-43,1,0,1,88,5%,150%,15,13,2,9,52,0,0,50,0,1,0,-,-,-,198,24,29,34,39,44
724,中級4,昼戦,349,AR,AK74M,1,0,1,55,20%,150%,15,17,7,5,48,0,0,50,0,1,0,-,-,-,173,23,28,33,38,45
724,中級4,昼戦,365,AR,SCR,1,0,1,55,20%,150%,15,17,6,6,51,0,0,50,0,1,0,-,-,-,177,24,29,34,38,46
724,中級4,昼戦,93,SMG,IDW,1,0,1,75,5%,150%,15,9,2,10,49,0,0,50,0,1,0,-,-,-,178,22,26,31,35,47
724,中級4,昼戦,74,AR,SIG-510,1,0,1,58,20%,150%,15,20,5,5,39,0,0,50,0,1,0,-,-,-,162,22,26,31,35,48
724,中級4,昼戦,133,AR,63式,1,0,1,50,20%,150%,15,19,5,5,50,0,0,50,0,1,0,-,-,-,157,21,25,30,34,49
724,中級4,昼戦,114,HG,ウェルロッドMkⅡ,1,0,1,40,40%,150%,15,9,8,10,33,0,0,50,0,1,0,-,-,-,153,21,25,29,33,50
724,中級4,昼戦,68,AR,L85A1,1,0,1,47,20%,150%,15,16,5,5,52,0,0,50,0,1,0,-,-,-,151,20,24,29,33,51
724,中級4,昼戦,233,HG,Px4 ストーム,1,0,1,34,20%,150%,15,12,8,11,37,0,0,50,0,1,0,-,-,-,149,20,24,28,32,52
724,中級4,昼戦,310,HG,Rex Zero 1,1,0,1,35,20%,150%,15,12,8,10,42,0,0,50,0,1,0,-,-,-,148,20,24,28,32,53
724,中級4,昼戦,8,HG,マカロフ,1,0,1,32,20%,150%,15,9,7,11,40,0,0,50,0,1,0,-,-,-,137,18,22,26,30,54
724,中級4,昼戦,91,HG,MP-446,1,0,1,33,20%,150%,15,11,7,9,40,0,0,50,0,1,0,-,-,-,134,18,22,25,29,55
724,中級4,昼戦,324,SG,M6 ASW,1,0,1,130,40%,150%,15,14,2,2,19,3,4,50,0,1,0,-,-,-,260,16,19,22,26,56
724,中級4,昼戦,197,RF,カルカノ M1891,1,0,1,40,40%,150%,15,45,9,5,22,0,0,50,0,1,0,-,-,-,170,12,15,17,20,57
724,中級4,昼戦,39,RF,モシン・ナガン,1,0,1,44,40%,150%,15,45,10,5,20,0,0,50,0,1,0,-,-,-,170,12,15,17,20,58
724,中級4,昼戦,47,RF,G43,1,0,1,40,40%,150%,15,41,8,4,27,0,0,50,0,1,0,-,-,-,159,11,14,16,19,59
724,中級4,昼戦,80,MG,M1919A4,1,0,1,91,5%,150%,15,36,4,3,69,0,9,50,0,1,0,-,-,-,234,8,10,12,14,60
728,中級8,昼戦,341,SMG,SP9,97,0,5,1085,5%,150%,11,32,34,106,87,0,0,98,0,7,0,T外骨格 (5-Star),ホローポイント弾 (4-Star),ドットサイト (4-Star),5943,742,891,1040,1188,1
728,中級8,昼戦,242,HG,P22,97,0,5,345,45%,150%,11,37,64,140,62,0,0,83,0,7,0,専用装備 (5-Star),ホローポイント弾 (4-Star),X外骨格 (4-Star),3485,697,836,975,1115,2
728,中級8,昼戦,143,SMG,RO635,96,0,5,950,5%,150%,11,33,26,85,95,0,0,88,0,5,0,T外骨格 (3-Star),ホローポイント弾 (4-Star),ドットサイト (3-Star),4764,595,714,833,952,3
728,中級8,昼戦,1,HG,コルトSAA,98,0,5,395,34%,150%,15,34,51,102,47,0,0,98,0,4,0,サイレンサー (4-Star),-,T外骨格 (3-Star),2787,557,668,780,891,4
728,中級8,昼戦,97,HG,M950A,90,0,5,365,35%,150%,15,28,58,72,70,0,0,81,0,2,0,レッドサイト (3-Star),-,X外骨格 (3-Star),2548,509,611,713,815,5
728,中級8,昼戦,20056,AR,M4 SOPMOD II Mod,102,1,5,555,110%,150%,15,74,52,48,78,0,0,100,0,10,0,オプティカル (4-Star),オプティカル (5-Star),高速弾 (5-Star),5349,468,561,655,748,6
728,中級8,昼戦,20057,AR,ST AR-15 Mod,103,1,5,525,100%,150%,15,71,56,53,77,0,0,100,0,10,0,オプティカル (4-Star),オプティカル (5-Star),高速弾 (5-Star),5152,450,540,631,721,7
728,中級8,昼戦,198,RF,カルカノ M91/38,90,0,5,345,72%,175%,195,136,82,40,33,0,0,67,0,10,0,徹甲弾 (5-Star),オプティカル (4-Star),カモフラージュマント (5-Star),5449,408,490,572,653,8
728,中級8,昼戦,29,SMG,ステンMK-II,91,0,4,708,5%,150%,15,25,21,85,73,0,0,51,0,1,0,T外骨格 (3-Star),-,ホロサイト (4-Star),3171,396,475,554,634,9
728,中級8,昼戦,20055,AR,M4A1 Mod,104,1,5,555,44%,150%,15,64,51,60,79,0,0,100,0,8,0,オプティカル (3-Star),高速弾 (4-Star),X外骨格 (3-Star),4454,389,467,545,623,10
728,中級8,昼戦,54,AR,M16A1,91,0,5,580,20%,150%,15,57,42,38,73,18,0,82,0,1,0,高速弾 (4-Star),防弾ベスト (4-Star),防弾ベスト (5-Star),4345,380,456,532,608,11
728,中級8,昼戦,247,RF,K31,90,0,5,370,64%,175%,165,118,71,34,38,0,0,67,0,8,0,徹甲弾 (4-Star),オプティカル (3-Star),カモフラージュマント (5-Star),5025,376,452,527,603,12
728,中級8,昼戦,27,SMG,スコーピオン,73,0,4,548,5%,150%,15,20,10,73,87,0,0,56,0,1,0,X外骨格 (3-Star),-,-,2276,284,341,398,455,13
728,中級8,昼戦,162,SG,SPAS-12,65,0,3,681,40%,150%,15,26,16,6,29,19,4,51,0,1,0,防弾ベスト (3-Star),スラッグ弾 (3-Star),-,2172,260,312,364,417,14
728,中級8,昼戦,345,MG,MG338,81,0,4,628,20%,150%,415,91,35,22,112,0,9,75,0,10,0,特殊貫通弾 (4-Star),レッドサイト (3-Star),固定銃架 (3-Star),6080,228,273,319,364,15
728,中級8,昼戦,323,SG,LTLX7000,56,0,3,642,40%,150%,15,17,17,6,25,22,5,75,0,6,0,防弾ベスト (4-Star),スラッグ弾 (3-Star),-,2238,223,268,313,358,16
728,中級8,昼戦,36,RF,スプリングフィールド,73,0,4,292,64%,150%,165,106,55,31,29,0,0,55,0,1,0,徹甲弾 (4-Star),オプティカル (3-Star),-,2618,196,235,274,314,17
728,中級8,昼戦,154,SG,M500,61,0,3,636,40%,140%,15,24,8,6,38,18,4,51,0,1,0,防弾ベスト (3-Star),バードショット (5-Star),-,1906,190,228,266,304,18
728,中級8,昼戦,32,SMG,Micro Uzi,55,0,3,369,5%,150%,15,15,7,64,89,0,0,50,0,1,0,T外骨格 (3-Star),-,-,1408,176,211,246,281,19
728,中級8,昼戦,99,HG,Gr Mk23,46,0,3,174,30%,150%,15,19,28,39,53,0,0,52,0,1,0,サイレンサー (3-Star),-,-,855,171,205,239,273,20
728,中級8,昼戦,26,SMG,Gr MP5,50,0,3,375,5%,150%,15,18,8,55,76,0,0,50,0,1,0,T外骨格 (3-Star),-,-,1350,168,202,236,270,21
728,中級8,昼戦,331,HG,コリブリ,46,0,3,144,30%,150%,15,10,31,71,47,0,0,51,0,1,0,サイレンサー (3-Star),-,-,834,166,200,233,266,22
728,中級8,昼戦,6,HG,トカレフ,40,0,3,180,30%,150%,15,20,23,36,42,0,0,50,0,1,0,サイレンサー (3-Star),-,-,784,156,188,219,250,23
728,中級8,昼戦,12,HG,C96,40,0,3,174,30%,150%,15,19,20,34,51,0,0,72,0,1,0,サイレンサー (3-Star),-,-,777,155,186,217,248,24
728,中級8,昼戦,253,MG,ルイス,74,0,4,660,5%,150%,165,88,31,24,103,0,10,51,0,1,0,徹甲弾 (4-Star),ホロサイト (4-Star),-,4060,152,182,213,243,25
728,中級8,昼戦,53,RF,NTW-20,61,0,3,225,64%,150%,165,122,49,20,27,0,0,53,0,1,0,徹甲弾 (4-Star),オプティカル (3-Star),-,1899,142,170,199,227,26
728,中級8,昼戦,2,HG,M1911,36,0,3,150,30%,150%,15,16,22,36,45,0,0,40,0,1,0,サイレンサー (3-Star),-,-,690,138,165,193,220,27
728,中級8,昼戦,5,HG,M1895,34,0,3,141,30%,150%,15,19,21,44,34,0,0,100,0,1,0,サイレンサー (3-Star),-,-,679,135,162,190,217,28
728,中級8,昼戦,10,HG,PPK,30,0,3,111,30%,150%,15,14,23,42,49,0,0,50,0,1,0,サイレンサー (3-Star),-,-,631,126,151,176,201,29
728,中級8,昼戦,273,RF,SSG3000,43,0,3,189,40%,150%,127,79,39,15,31,0,0,74,0,1,0,徹甲弾 (3-Star),-,-,1368,102,123,143,164,30
728,中級8,昼戦,44,RF,SV-98,36,0,3,171,40%,150%,127,72,33,13,30,0,0,50,0,1,0,徹甲弾 (3-Star),-,-,1199,89,107,125,143,31
728,中級8,昼戦,61,AR,StG44,40,0,3,267,20%,150%,15,33,34,18,48,0,0,51,0,1,0,ドットサイト (3-Star),-,-,1001,87,105,122,140,32
728,中級8,昼戦,105,AR,OTs-12,40,0,3,219,20%,150%,15,26,38,26,57,0,0,51,0,1,0,ドットサイト (3-Star),-,-,982,85,103,120,137,33
728,中級8,昼戦,75,MG,M1918,56,0,3,366,5%,150%,165,73,26,20,94,0,8,50,0,1,0,徹甲弾 (4-Star),ホロサイト (4-Star),-,2200,82,99,115,132,34
728,中級8,昼戦,81,MG,LWMMG,57,0,3,408,5%,150%,165,75,23,15,76,0,9,56,0,1,0,徹甲弾 (4-Star),ホロサイト (4-Star),-,2164,81,97,113,129,35
728,中級8,昼戦,354,HG,ZiP .22,14,0,2,76,20%,150%,15,15,11,22,47,0,0,50,0,3,0,-,-,-,379,75,90,106,121,36
728,中級8,昼戦,71,AR,ガリル,34,0,3,210,20%,150%,15,28,30,18,50,0,0,50,0,1,0,ドットサイト (3-Star),-,-,852,74,89,104,119,37
728,中級8,昼戦,94,SMG,64式,23,0,2,216,5%,150%,15,13,4,28,72,0,0,50,0,1,0,T外骨格 (2-Star),-,-,579,72,86,101,115,38
728,中級8,昼戦,95,RF,漢陽88式,55,0,1,79,72%,150%,165,77,37,23,27,0,0,72,0,2,0,徹甲弾 (4-Star),オプティカル (4-Star),-,514,38,46,53,61,39
728,中級8,昼戦,7,HG,スチェッキン,1,0,1,42,20%,150%,15,11,6,9,45,0,0,50,0,6,0,-,-,-,182,36,43,50,58,40
728,中級8,昼戦,114,HG,ウェルロッドMkⅡ,1,0,1,40,40%,150%,15,9,8,10,33,0,0,50,0,1,0,-,-,-,153,30,36,42,48,41
728,中級8,昼戦,233,HG,Px4 ストーム,1,0,1,34,20%,150%,15,12,8,11,37,0,0,50,0,1,0,-,-,-,149,29,35,41,47,42
728,中級8,昼戦,310,HG,Rex Zero 1,1,0,1,35,20%,150%,15,12,8,10,42,0,0,50,0,1,0,-,-,-,148,29,35,41,47,43
728,中級8,昼戦,8,HG,マカロフ,1,0,1,32,20%,150%,15,9,7,11,40,0,0,50,0,1,0,-,-,-,137,27,32,38,43,44
728,中級8,昼戦,91,HG,MP-446,1,0,1,33,20%,150%,15,11,7,9,40,0,0,50,0,1,0,-,-,-,134,26,32,37,42,45
728,中級8,昼戦,324,SG,M6 ASW,1,0,1,130,40%,150%,15,14,2,2,19,3,4,50,0,1,0,-,-,-,260,26,31,36,41,46
728,中級8,昼戦,33,SMG,m45,1,0,1,93,5%,150%,15,12,2,9,52,0,0,50,0,1,0,-,-,-,200,25,30,35,40,47
728,中級8,昼戦,22,SMG,PPS-43,1,0,1,88,5%,150%,15,13,2,9,52,0,0,50,0,1,0,-,-,-,198,24,29,34,39,48
728,中級8,昼戦,93,SMG,IDW,1,0,1,75,5%,150%,15,9,2,10,49,0,0,50,0,1,0,-,-,-,178,22,26,31,35,49
728,中級8,昼戦,342,AR,KH2002,1,0,1,66,20%,150%,15,19,7,5,53,0,0,50,0,1,0,-,-,-,195,17,20,23,27,50
728,中級8,昼戦,106,AR,FAL,1,0,1,66,20%,150%,15,21,6,5,49,0,0,50,0,1,0,-,-,-,191,16,20,23,26,51
728,中級8,昼戦,349,AR,AK74M,1,0,1,55,20%,150%,15,17,7,5,48,0,0,50,0,1,0,-,-,-,173,15,18,21,24,52
728,中級8,昼戦,365,AR,SCR,1,0,1,55,20%,150%,15,17,6,6,51,0,0,50,0,1,0,-,-,-,177,15,18,21,24,53
728,中級8,昼戦,74,AR,SIG-510,1,0,1,58,20%,150%,15,20,5,5,39,0,0,50,0,1,0,-,-,-,162,14,17,19,22,54
728,中級8,昼戦,133,AR,63式,1,0,1,50,20%,150%,15,19,5,5,50,0,0,50,0,1,0,-,-,-,157,13,16,19,21,55
728,中級8,昼戦,68,AR,L85A1,1,0,1,47,20%,150%,15,16,5,5,52,0,0,50,0,1,0,-,-,-,151,13,15,18,21,56
728,中級8,昼戦,197,RF,カルカノ M1891,1,0,1,40,40%,150%,15,45,9,5,22,0,0,50,0,1,0,-,-,-,170,12,15,17,20,57
728,中級8,昼戦,39,RF,モシン・ナガン,1,0,1,44,40%,150%,15,45,10,5,20,0,0,50,0,1,0,-,-,-,170,12,15,17,20,58
728,中級8,昼戦,47,RF,G43,1,0,1,40,40%,150%,15,41,8,4,27,0,0,50,0,1,0,-,-,-,159,11,14,16,19,59
728,中級8,昼戦,80,MG,M1919A4,1,0,1,91,5%,150%,15,36,4,3,69,0,9,50,0,1,0,-,-,-,234,8,10,12,14,60
733,上級3,昼戦,242,HG,P22,97,0,5,345,45%,150%,11,31,64,162,62,0,0,83,0,7,0,専用装備 (5-Star),ホローポイント弾 (4-Star),T外骨格 (5-Star),3534,706,848,989,1130,1
733,上級3,昼戦,198,RF,カルカノ M91/38,90,0,5,345,88%,175%,195,136,82,40,33,0,0,67,0,10,0,徹甲弾 (5-Star),オプティカル (5-Star),カモフラージュマント (5-Star),5760,648,777,907,1036,2
733,上級3,昼戦,247,RF,K31,90,0,5,370,88%,175%,165,118,71,34,38,0,0,67,0,8,0,徹甲弾 (4-Star),オプティカル (5-Star),カモフラージュマント (5-Star),5472,615,738,861,984,3
733,上級3,昼戦,1,HG,コルトSAA,98,0,5,395,34%,150%,11,46,51,99,47,0,0,98,0,4,0,サイレンサー (4-Star),ホローポイント弾 (4-Star),X外骨格 (4-Star),2955,591,709,827,945,4
733,上級3,昼戦,97,HG,M950A,90,0,5,365,35%,150%,11,37,58,72,70,0,0,81,0,2,0,レッドサイト (3-Star),ホローポイント弾 (4-Star),X外骨格 (3-Star),2774,554,665,776,887,5
733,上級3,昼戦,20056,AR,M4 SOPMOD II Mod,102,1,5,555,77%,150%,15,74,60,48,78,0,0,100,0,10,0,オプティカル (4-Star),レッドサイト (3-Star),高速弾 (5-Star),5122,448,537,627,717,6
733,上級3,昼戦,20057,AR,ST AR-15 Mod,103,1,5,525,76%,150%,15,71,56,53,77,0,0,100,0,10,0,オプティカル (3-Star),オプティカル (4-Star),高速弾 (5-Star),4903,429,514,600,686,7
733,上級3,昼戦,20055,AR,M4A1 Mod,104,1,5,555,52%,150%,15,61,51,67,79,0,0,100,0,8,0,オプティカル (4-Star),高速弾 (4-Star),T外骨格 (3-Star),4537,396,476,555,635,8
733,上級3,昼戦,341,SMG,SP9,97,0,5,1085,5%,150%,15,26,34,87,87,0,0,98,0,7,0,T外骨格 (3-Star),-,ドットサイト (4-Star),5230,392,470,549,627,9
733,上級3,昼戦,54,AR,M16A1,91,0,5,580,20%,150%,15,57,42,38,73,18,0,82,0,1,0,高速弾 (4-Star),防弾ベスト (4-Star),防弾ベスト (5-Star),4345,380,456,532,608,10
733,上級3,昼戦,143,SMG,RO635,96,0,5,950,5%,150%,15,28,21,85,93,0,0,88,0,5,0,T外骨格 (3-Star),-,ホロサイト (4-Star),4567,342,411,479,548,11
733,上級3,昼戦,36,RF,スプリングフィールド,73,0,4,292,64%,150%,165,106,55,31,29,0,0,55,0,1,0,徹甲弾 (4-Star),オプティカル (3-Star),-,2618,294,353,412,471,12
733,上級3,昼戦,29,SMG,ステンMK-II,91,0,4,708,5%,150%,15,28,21,78,73,0,0,51,0,1,0,X外骨格 (3-Star),-,ホロサイト (4-Star),3072,230,276,322,368,13
733,上級3,昼戦,323,SG,LTLX7000,56,0,3,642,40%,150%,15,17,17,6,25,22,5,75,0,6,0,防弾ベスト (4-Star),スラッグ弾 (3-Star),-,2238,223,268,313,358,14
733,上級3,昼戦,345,MG,MG338,81,0,4,628,5%,150%,415,91,39,22,111,0,9,75,0,10,0,特殊貫通弾 (4-Star),ドットサイト (3-Star),固定銃架 (3-Star),5947,223,267,312,356,15
733,上級3,昼戦,53,RF,NTW-20,61,0,3,225,64%,150%,165,122,49,20,27,0,0,53,0,1,0,徹甲弾 (4-Star),オプティカル (3-Star),-,1899,213,256,299,341,16
733,上級3,昼戦,162,SG,SPAS-12,65,0,3,681,40%,140%,15,26,8,6,41,19,4,51,0,1,0,防弾ベスト (3-Star),バードショット (5-Star),-,2094,209,251,293,335,17
733,上級3,昼戦,154,SG,M500,61,0,3,636,40%,150%,15,24,8,6,26,18,4,51,0,1,0,防弾ベスト (3-Star),-,-,1866,186,223,261,298,18
733,上級3,昼戦,27,SMG,スコーピオン,73,0,4,548,5%,150%,15,20,10,73,87,0,0,56,0,1,0,X外骨格 (3-Star),-,-,2276,170,204,238,273,19
733,上級3,昼戦,99,HG,Gr Mk23,46,0,3,174,30%,150%,15,19,28,39,53,0,0,52,0,1,0,サイレンサー (3-Star),-,-,855,171,205,239,273,20
733,上級3,昼戦,331,HG,コリブリ,46,0,3,144,30%,150%,15,10,31,71,47,0,0,51,0,1,0,サイレンサー (3-Star),-,-,834,166,200,233,266,21
733,上級3,昼戦,6,HG,トカレフ,40,0,3,180,30%,150%,15,20,23,36,42,0,0,50,0,1,0,サイレンサー (3-Star),-,-,784,156,188,219,250,22
733,上級3,昼戦,12,HG,C96,40,0,3,174,30%,150%,15,19,20,34,51,0,0,72,0,1,0,サイレンサー (3-Star),-,-,777,155,186,217,248,23
733,上級3,昼戦,273,RF,SSG3000,43,0,3,189,40%,150%,127,79,39,15,31,0,0,74,0,1,0,徹甲弾 (3-Star),-,-,1368,153,184,215,246,24
733,上級3,昼戦,253,MG,ルイス,74,0,4,660,5%,150%,165,88,31,24,103,0,10,51,0,1,0,徹甲弾 (4-Star),ホロサイト (4-Star),-,4060,152,182,213,243,25
733,上級3,昼戦,2,HG,M1911,36,0,3,150,30%,150%,15,16,22,36,45,0,0,40,0,1,0,サイレンサー (3-Star),-,-,690,138,165,193,220,26
733,上級3,昼戦,5,HG,M1895,34,0,3,141,30%,150%,15,19,21,44,34,0,0,100,0,1,0,サイレンサー (3-Star),-,-,679,135,162,190,217,27
733,上級3,昼戦,44,RF,SV-98,36,0,3,171,40%,150%,127,72,33,13,30,0,0,50,0,1,0,徹甲弾 (3-Star),-,-,1199,134,161,188,215,28
733,上級3,昼戦,10,HG,PPK,30,0,3,111,30%,150%,15,14,23,42,49,0,0,50,0,1,0,サイレンサー (3-Star),-,-,631,126,151,176,201,29
733,上級3,昼戦,32,SMG,Micro Uzi,55,0,3,369,5%,150%,15,15,7,64,89,0,0,50,0,1,0,T外骨格 (3-Star),-,-,1408,105,126,147,168,30
733,上級3,昼戦,26,SMG,Gr MP5,50,0,3,375,5%,150%,15,18,8,55,76,0,0,50,0,1,0,T外骨格 (3-Star),-,-,1350,101,121,141,162,31
733,上級3,昼戦,61,AR,StG44,40,0,3,267,20%,150%,15,33,34,18,48,0,0,51,0,1,0,ドットサイト (3-Star),-,-,1001,87,105,122,140,32
733,上級3,昼戦,105,AR,OTs-12,40,0,3,219,20%,150%,15,26,38,26,57,0,0,51,0,1,0,ドットサイト (3-Star),-,-,982,85,103,120,137,33
733,上級3,昼戦,75,MG,M1918,56,0,3,366,5%,150%,165,73,26,20,94,0,8,50,0,1,0,徹甲弾 (4-Star),ホロサイト (4-Star),-,2200,82,99,115,132,34
733,上級3,昼戦,81,MG,LWMMG,57,0,3,408,5%,150%,165,75,23,15,76,0,9,56,0,1,0,徹甲弾 (4-Star),ホロサイト (4-Star),-,2164,81,97,113,129,35
733,上級3,昼戦,354,HG,ZiP .22,14,0,2,76,20%,150%,15,15,11,22,47,0,0,50,0,3,0,-,-,-,379,75,90,106,121,36
733,上級3,昼戦,71,AR,ガリル,34,0,3,210,20%,150%,15,28,30,18,50,0,0,50,0,1,0,ドットサイト (3-Star),-,-,852,74,89,104,119,37
733,上級3,昼戦,95,RF,漢陽88式,55,0,1,79,72%,150%,165,77,37,23,27,0,0,72,0,2,0,徹甲弾 (4-Star),オプティカル (4-Star),-,514,57,69,80,92,38
733,上級3,昼戦,94,SMG,64式,23,0,2,216,5%,150%,15,13,4,28,72,0,0,50,0,1,0,T外骨格 (2-Star),-,-,579,43,52,60,69,39
733,上級3,昼戦,7,HG,スチェッキン,1,0,1,42,20%,150%,15,11,6,9,45,0,0,50,0,6,0,-,-,-,182,36,43,50,58,40
733,上級3,昼戦,114,HG,ウェルロッドMkⅡ,1,0,1,40,40%,150%,15,9,8,10,33,0,0,50,0,1,0,-,-,-,153,30,36,42,48,41
733,上級3,昼戦,233,HG,Px4 ストーム,1,0,1,34,20%,150%,15,12,8,11,37,0,0,50,0,1,0,-,-,-,149,29,35,41,47,42
733,上級3,昼戦,310,HG,Rex Zero 1,1,0,1,35,20%,150%,15,12,8,10,42,0,0,50,0,1,0,-,-,-,148,29,35,41,47,43
733,上級3,昼戦,8,HG,マカロフ,1,0,1,32,20%,150%,15,9,7,11,40,0,0,50,0,1,0,-,-,-,137,27,32,38,43,44
733,上級3,昼戦,91,HG,MP-446,1,0,1,33,20%,150%,15,11,7,9,40,0,0,50,0,1,0,-,-,-,134,26,32,37,42,45
733,上級3,昼戦,324,SG,M6 ASW,1,0,1,130,40%,150%,15,14,2,2,19,3,4,50,0,1,0,-,-,-,260,26,31,36,41,46
733,上級3,昼戦,197,RF,カルカノ M1891,1,0,1,40,40%,150%,15,45,9,5,22,0,0,50,0,1,0,-,-,-,170,19,22,26,30,47
733,上級3,昼戦,39,RF,モシン・ナガン,1,0,1,44,40%,150%,15,45,10,5,20,0,0,50,0,1,0,-,-,-,170,19,22,26,30,48
733,上級3,昼戦,47,RF,G43,1,0,1,40,40%,150%,15,41,8,4,27,0,0,50,0,1,0,-,-,-,159,17,21,25,28,49
733,上級3,昼戦,342,AR,KH2002,1,0,1,66,20%,150%,15,19,7,5,53,0,0,50,0,1,0,-,-,-,195,17,20,23,27,50
733,上級3,昼戦,106,AR,FAL,1,0,1,66,20%,150%,15,21,6,5,49,0,0,50,0,1,0,-,-,-,191,16,20,23,26,51
733,上級3,昼戦,349,AR,AK74M,1,0,1,55,20%,150%,15,17,7,5,48,0,0,50,0,1,0,-,-,-,173,15,18,21,24,52
733,上級3,昼戦,33,SMG,m45,1,0,1,93,5%,150%,15,12,2,9,52,0,0,50,0,1,0,-,-,-,200,15,18,21,24,53
733,上級3,昼戦,365,AR,SCR,1,0,1,55,20%,150%,15,17,6,6,51,0,0,50,0,1,0,-,-,-,177,15,18,21,24,54
733,上級3,昼戦,22,SMG,PPS-43,1,0,1,88,5%,150%,15,13,2,9,52,0,0,50,0,1,0,-,-,-,198,14,17,20,23,55
733,上級3,昼戦,74,AR,SIG-510,1,0,1,58,20%,150%,15,20,5,5,39,0,0,50,0,1,0,-,-,-,162,14,17,19,22,56
733,上級3,昼戦,133,AR,63式,1,0,1,50,20%,150%,15,19,5,5,50,0,0,50,0,1,0,-,-,-,157,13,16,19,21,57
733,上級3,昼戦,68,AR,L85A1,1,0,1,47,20%,150%,15,16,5,5,52,0,0,50,0,1,0,-,-,-,151,13,15,18,21,58
733,上級3,昼戦,93,SMG,IDW,1,0,1,75,5%,150%,15,9,2,10,49,0,0,50,0,1,0,-,-,-,178,13,16,18,21,59
733,上級3,昼戦,80,MG,M1919A4,1,0,1,91,5%,150%,15,36,4,3,69,0,9,50,0,1,0,-,-,-,234,8,10,12,14,60
736,上級6,夜戦,20056,AR,M4 SOPMOD II Mod,102,1,5,555,78%,150%,15,74,52,48,78,0,0,100,0,10,0,オプティカル (5-Star),暗視装備 (5-Star),高速弾 (5-Star),5007,938,1126,1314,1502,1
736,上級6,夜戦,341,SMG,SP9,97,0,5,1085,5%,150%,11,32,14,106,88,0,0,98,0,7,0,T外骨格 (5-Star),ホローポイント弾 (4-Star),暗視装備 (4-Star),5549,901,1082,1262,1442,2
736,上級6,夜戦,20057,AR,ST AR-15 Mod,103,1,5,525,68%,150%,15,71,56,53,77,0,0,100,0,10,0,オプティカル (5-Star),暗視装備 (3-Star),高速弾 (5-Star),4550,853,1023,1194,1365,3
736,上級6,夜戦,20055,AR,M4A1 Mod,104,1,5,555,20%,150%,15,64,51,64,79,0,0,100,0,8,0,暗視装備 (3-Star),高速弾 (4-Star),X外骨格 (4-Star),4079,764,917,1070,1223,4
736,上級6,夜戦,143,SMG,RO635,96,0,5,950,19%,150%,11,33,14,92,96,0,0,88,0,5,0,T外骨格 (3-Star),ホローポイント弾 (4-Star),サイレンサー (4-Star),4117,669,802,936,1070,5
736,上級6,夜戦,54,AR,M16A1,91,0,5,580,20%,150%,15,57,42,38,73,18,0,82,0,1,0,高速弾 (4-Star),防弾ベスト (4-Star),防弾ベスト (5-Star),3121,585,702,819,936,6
736,上級6,夜戦,242,HG,P22,97,0,5,345,45%,150%,11,34,64,143,62,0,0,83,0,7,0,専用装備 (5-Star),ホローポイント弾 (4-Star),T外骨格 (3-Star),2690,470,564,659,753,7
736,上級6,夜戦,29,SMG,ステンMK-II,91,0,4,708,15%,150%,15,21,14,89,76,0,0,51,0,1,0,T外骨格 (3-Star),-,サイレンサー (3-Star),2872,466,560,653,746,8
736,上級6,夜戦,27,SMG,スコーピオン,73,0,4,548,5%,150%,15,20,10,73,87,0,0,56,0,1,0,X外骨格 (3-Star),-,-,2043,398,478,557,637,9
736,上級6,夜戦,1,HG,コルトSAA,98,0,5,395,30%,150%,15,37,51,92,47,0,0,98,0,4,0,サイレンサー (3-Star),-,X外骨格 (3-Star),2141,374,449,524,599,10
736,上級6,夜戦,97,HG,M950A,90,0,5,365,30%,150%,15,28,50,76,70,0,0,81,0,2,0,サイレンサー (3-Star),-,X外骨格 (3-Star),1856,324,389,454,519,11
736,上級6,夜戦,32,SMG,Micro Uzi,55,0,3,369,5%,150%,15,15,7,64,89,0,0,50,0,1,0,T外骨格 (3-Star),-,-,1297,210,252,295,337,12
736,上級6,夜戦,26,SMG,Gr MP5,50,0,3,375,5%,150%,15,18,8,55,76,0,0,50,0,1,0,T外骨格 (3-Star),-,-,1230,199,239,279,319,13
736,上級6,夜戦,323,SG,LTLX7000,56,0,3,642,40%,150%,15,17,17,6,25,22,5,75,0,6,0,防弾ベスト (4-Star),スラッグ弾 (3-Star),-,2057,179,215,251,287,14
736,上級6,夜戦,162,SG,SPAS-12,65,0,3,681,40%,140%,15,26,8,6,41,19,4,51,0,1,0,防弾ベスト (3-Star),バードショット (5-Star),-,1886,165,198,231,264,15
736,上級6,夜戦,154,SG,M500,61,0,3,636,40%,150%,15,24,8,6,26,18,4,51,0,1,0,防弾ベスト (3-Star),-,-,1715,150,180,210,240,16
736,上級6,夜戦,345,MG,MG338,81,0,4,628,5%,150%,415,91,47,22,111,0,9,75,0,10,0,特殊貫通弾 (4-Star),ドットサイト (4-Star),固定銃架 (3-Star),2855,142,171,199,228,17
736,上級6,夜戦,99,HG,Gr Mk23,46,0,3,174,20%,150%,15,19,28,35,53,0,0,52,0,1,0,暗視装備 (4-Star),-,-,810,141,170,198,226,18
736,上級6,夜戦,198,RF,カルカノ M91/38,90,0,5,345,72%,175%,195,136,82,40,33,0,0,67,0,10,0,徹甲弾 (5-Star),オプティカル (4-Star),カモフラージュマント (5-Star),2803,140,168,196,224,19
736,上級6,夜戦,331,HG,コリブリ,46,0,3,144,20%,150%,15,10,31,67,47,0,0,51,0,1,0,暗視装備 (4-Star),-,-,803,140,168,196,224,20
736,上級6,夜戦,61,AR,StG44,40,0,3,267,20%,150%,15,33,34,18,48,0,0,51,0,1,0,ドットサイト (3-Star),-,-,719,134,161,188,215,21
736,上級6,夜戦,105,AR,OTs-12,40,0,3,219,20%,150%,15,26,38,26,57,0,0,51,0,1,0,ドットサイト (3-Star),-,-,701,131,157,184,210,22
736,上級6,夜戦,247,RF,K31,90,0,5,370,72%,175%,165,118,71,34,38,0,0,67,0,8,0,徹甲弾 (4-Star),オプティカル (4-Star),カモフラージュマント (5-Star),2545,127,152,178,203,23
736,上級6,夜戦,71,AR,ガリル,34,0,3,210,20%,150%,15,28,30,18,50,0,0,50,0,1,0,ドットサイト (3-Star),-,-,606,113,136,159,181,24
736,上級6,夜戦,6,HG,トカレフ,40,0,3,180,30%,150%,15,20,23,36,42,0,0,50,0,1,0,サイレンサー (3-Star),-,-,635,111,133,155,177,25
736,上級6,夜戦,12,HG,C96,40,0,3,174,30%,150%,15,19,20,34,51,0,0,72,0,1,0,サイレンサー (3-Star),-,-,614,107,128,150,171,26
736,上級6,夜戦,253,MG,ルイス,74,0,4,660,5%,150%,165,84,36,24,105,0,10,51,0,1,0,徹甲弾 (4-Star),ドットサイト (3-Star),-,2104,105,126,147,168,27
736,上級6,夜戦,5,HG,M1895,34,0,3,141,30%,150%,15,19,21,44,34,0,0,100,0,1,0,サイレンサー (3-Star),-,-,568,99,119,139,159,28
736,上級6,夜戦,2,HG,M1911,36,0,3,150,30%,150%,15,16,22,36,45,0,0,40,0,1,0,サイレンサー (3-Star),-,-,559,97,117,136,156,29
736,上級6,夜戦,94,SMG,64式,23,0,2,216,5%,150%,15,13,4,28,72,0,0,50,0,1,0,T外骨格 (2-Star),-,-,544,88,106,123,141,30
736,上級6,夜戦,10,HG,PPK,30,0,3,111,30%,150%,15,14,23,42,49,0,0,50,0,1,0,サイレンサー (3-Star),-,-,500,87,105,122,140,31
736,上級6,夜戦,36,RF,スプリングフィールド,73,0,4,292,72%,150%,165,106,55,31,29,0,0,55,0,1,0,徹甲弾 (4-Star),オプティカル (4-Star),-,1370,68,82,95,109,32
736,上級6,夜戦,75,MG,M1918,56,0,3,366,20%,150%,165,69,27,20,97,0,8,50,0,1,0,徹甲弾 (4-Star),レッドサイト (3-Star),-,1146,57,68,80,91,33
736,上級6,夜戦,354,HG,ZiP .22,14,0,2,76,20%,150%,15,15,11,22,47,0,0,50,0,3,0,-,-,-,322,56,67,78,90,34
736,上級6,夜戦,81,MG,LWMMG,57,0,3,408,20%,150%,165,71,24,15,79,0,9,56,0,1,0,徹甲弾 (4-Star),レッドサイト (3-Star),-,1116,55,66,78,89,35
736,上級6,夜戦,53,RF,NTW-20,61,0,3,225,64%,150%,127,122,49,20,27,0,0,53,0,1,0,徹甲弾 (3-Star),オプティカル (3-Star),-,920,46,55,64,73,36
736,上級6,夜戦,273,RF,SSG3000,43,0,3,189,40%,150%,127,79,39,15,31,0,0,74,0,1,0,徹甲弾 (3-Star),-,-,713,35,42,49,57,37
736,上級6,夜戦,342,AR,KH2002,1,0,1,66,20%,150%,15,19,7,5,53,0,0,50,0,1,0,-,-,-,167,31,37,43,50,38
736,上級6,夜戦,33,SMG,m45,1,0,1,93,5%,150%,15,12,2,9,52,0,0,50,0,1,0,-,-,-,193,31,37,43,50,39
736,上級6,夜戦,44,RF,SV-98,36,0,3,171,40%,150%,127,72,33,13,30,0,0,50,0,1,0,徹甲弾 (3-Star),-,-,626,31,37,43,50,40
736,上級6,夜戦,106,AR,FAL,1,0,1,66,20%,150%,15,21,6,5,49,0,0,50,0,1,0,-,-,-,166,31,37,43,49,41
736,上級6,夜戦,22,SMG,PPS-43,1,0,1,88,5%,150%,15,13,2,9,52,0,0,50,0,1,0,-,-,-,191,31,37,43,49,42
736,上級6,夜戦,7,HG,スチェッキン,1,0,1,42,20%,150%,15,11,6,9,45,0,0,50,0,6,0,-,-,-,168,29,35,41,47,43
736,上級6,夜戦,365,AR,SCR,1,0,1,55,20%,150%,15,17,6,6,51,0,0,50,0,1,0,-,-,-,155,29,34,40,46,44
736,上級6,夜戦,349,AR,AK74M,1,0,1,55,20%,150%,15,17,7,5,48,0,0,50,0,1,0,-,-,-,149,27,33,39,44,45
736,上級6,夜戦,93,SMG,IDW,1,0,1,75,5%,150%,15,9,2,10,49,0,0,50,0,1,0,-,-,-,173,28,33,39,44,46
736,上級6,夜戦,74,AR,SIG-510,1,0,1,58,20%,150%,15,20,5,5,39,0,0,50,0,1,0,-,-,-,145,27,32,38,43,47
736,上級6,夜戦,133,AR,63式,1,0,1,50,20%,150%,15,19,5,5,50,0,0,50,0,1,0,-,-,-,136,25,30,35,40,48
736,上級6,夜戦,114,HG,ウェルロッドMkⅡ,1,0,1,40,40%,150%,15,9,8,10,33,0,0,50,0,1,0,-,-,-,140,24,29,34,39,49
736,上級6,夜戦,68,AR,L85A1,1,0,1,47,20%,150%,15,16,5,5,52,0,0,50,0,1,0,-,-,-,132,24,29,34,39,50
736,上級6,夜戦,233,HG,Px4 ストーム,1,0,1,34,20%,150%,15,12,8,11,37,0,0,50,0,1,0,-,-,-,134,23,28,32,37,51
736,上級6,夜戦,310,HG,Rex Zero 1,1,0,1,35,20%,150%,15,12,8,10,42,0,0,50,0,1,0,-,-,-,130,22,27,31,36,52
736,上級6,夜戦,324,SG,M6 ASW,1,0,1,130,40%,150%,15,14,2,2,19,3,4,50,0,1,0,-,-,-,252,22,26,30,35,53
736,上級6,夜戦,8,HG,マカロフ,1,0,1,32,20%,150%,15,9,7,11,40,0,0,50,0,1,0,-,-,-,124,21,26,30,34,54
736,上級6,夜戦,91,HG,MP-446,1,0,1,33,20%,150%,15,11,7,9,40,0,0,50,0,1,0,-,-,-,120,21,25,29,33,55
736,上級6,夜戦,95,RF,漢陽88式,55,0,1,79,72%,150%,127,77,37,23,27,0,0,72,0,2,0,徹甲弾 (3-Star),オプティカル (4-Star),-,276,13,16,19,22,56
736,上級6,夜戦,80,MG,M1919A4,1,0,1,91,5%,150%,15,36,4,3,69,0,9,50,0,1,0,-,-,-,199,9,11,13,15,57
736,上級6,夜戦,39,RF,モシン・ナガン,1,0,1,44,40%,150%,15,45,10,5,20,0,0,50,0,1,0,-,-,-,138,6,8,9,11,58
736,上級6,夜戦,197,RF,カルカノ M1891,1,0,1,40,40%,150%,15,45,9,5,22,0,0,50,0,1,0,-,-,-,137,6,8,9,10,59
736,上級6,夜戦,47,RF,G43,1,0,1,40,40%,150%,15,41,8,4,27,0,0,50,0,1,0,-,-,-,126,6,7,8,10,60
738,上級8,昼戦,20056,AR,M4 SOPMOD II Mod,102,1,5,555,110%,150%,15,74,52,48,78,0,0,100,0,10,0,オプティカル (4-Star),オプティカル (5-Star),高速弾 (5-Star),5349,1002,1203,1404,1604,1
738,上級8,昼戦,20055,AR,M4A1 Mod,104,1,5,555,68%,150%,15,66,51,86,79,0,0,100,0,8,0,オプティカル (5-Star),高速弾 (5-Star),T外骨格 (5-Star),5164,968,1161,1355,1549,2
738,上級8,昼戦,20057,AR,ST AR-15 Mod,103,1,5,525,66%,150%,15,63,56,60,77,0,0,100,0,10,0,オプティカル (4-Star),サイレンサー (4-Star),高速弾 (4-Star),4614,865,1038,1211,1384,3
738,上級8,昼戦,54,AR,M16A1,91,0,5,580,20%,150%,15,57,42,38,73,18,0,82,0,1,0,高速弾 (4-Star),防弾ベスト (4-Star),防弾ベスト (5-Star),4345,814,977,1140,1303,4
738,上級8,昼戦,341,SMG,SP9,97,0,5,1085,5%,150%,11,35,34,87,87,0,0,98,0,7,0,T外骨格 (3-Star),ホローポイント弾 (4-Star),ドットサイト (4-Star),5434,611,733,855,978,5
738,上級8,昼戦,242,HG,P22,97,0,5,345,45%,150%,11,37,64,140,62,0,0,83,0,7,0,専用装備 (5-Star),ホローポイント弾 (4-Star),X外骨格 (4-Star),3485,609,731,853,975,6
738,上級8,昼戦,198,RF,カルカノ M91/38,90,0,5,345,72%,175%,195,136,82,40,33,0,0,67,0,10,0,徹甲弾 (5-Star),オプティカル (4-Star),カモフラージュマント (5-Star),5449,544,653,762,871,7
738,上級8,昼戦,143,SMG,RO635,96,0,5,950,5%,150%,11,33,26,85,95,0,0,88,0,5,0,T外骨格 (3-Star),ホローポイント弾 (4-Star),ドットサイト (3-Star),4764,535,643,750,857,8
738,上級8,昼戦,247,RF,K31,90,0,5,370,64%,175%,165,118,71,34,38,0,0,67,0,8,0,徹甲弾 (4-Star),オプティカル (3-Star),カモフラージュマント (5-Star),5025,502,603,703,804,9
738,上級8,昼戦,1,HG,コルトSAA,98,0,5,395,35%,150%,15,34,59,95,47,0,0,98,0,4,0,レッドサイト (3-Star),-,T外骨格 (3-Star),2743,480,576,672,768,10
738,上級8,昼戦,345,MG,MG338,81,0,4,628,20%,150%,415,91,35,22,112,0,9,75,0,10,0,特殊貫通弾 (4-Star),レッドサイト (3-Star),固定銃架 (3-Star),6080,456,547,638,729,11
738,上級8,昼戦,97,HG,M950A,90,0,5,365,30%,150%,15,28,50,76,70,0,0,81,0,2,0,サイレンサー (3-Star),-,X外骨格 (3-Star),2528,442,530,619,707,12
738,上級8,昼戦,29,SMG,ステンMK-II,91,0,4,708,5%,150%,15,28,21,78,73,0,0,51,0,1,0,X外骨格 (3-Star),-,ホロサイト (4-Star),3072,345,414,483,552,13
738,上級8,昼戦,162,SG,SPAS-12,65,0,3,681,40%,150%,15,26,16,6,29,19,4,51,0,1,0,防弾ベスト (3-Star),スラッグ弾 (3-Star),-,2172,325,390,456,521,14
738,上級8,昼戦,253,MG,ルイス,74,0,4,660,5%,150%,165,88,31,24,103,0,10,51,0,1,0,徹甲弾 (4-Star),ホロサイト (4-Star),-,4060,304,365,426,487,15
738,上級8,昼戦,323,SG,LTLX7000,56,0,3,642,40%,150%,15,17,17,6,25,22,5,75,0,6,0,防弾ベスト (4-Star),スラッグ弾 (3-Star),-,2238,279,335,391,447,16
738,上級8,昼戦,36,RF,スプリングフィールド,73,0,4,292,64%,150%,165,106,55,31,29,0,0,55,0,1,0,徹甲弾 (4-Star),オプティカル (3-Star),-,2618,261,314,366,418,17
738,上級8,昼戦,27,SMG,スコーピオン,73,0,4,548,5%,150%,15,20,10,73,87,0,0,56,0,1,0,X外骨格 (3-Star),-,-,2276,256,307,358,409,18
738,上級8,昼戦,154,SG,M500,61,0,3,636,40%,140%,15,24,8,6,38,18,4,51,0,1,0,防弾ベスト (3-Star),バードショット (5-Star),-,1906,238,285,333,381,19
738,上級8,昼戦,53,RF,NTW-20,61,0,3,225,64%,150%,165,122,49,20,27,0,0,53,0,1,0,徹甲弾 (4-Star),オプティカル (3-Star),-,1899,189,227,265,303,20
738,上級8,昼戦,61,AR,StG44,40,0,3,267,20%,150%,15,33,34,18,48,0,0,51,0,1,0,ドットサイト (3-Star),-,-,1001,187,225,262,300,21
738,上級8,昼戦,105,AR,OTs-12,40,0,3,219,20%,150%,15,26,38,26,57,0,0,51,0,1,0,ドットサイト (3-Star),-,-,982,184,220,257,294,22
738,上級8,昼戦,75,MG,M1918,56,0,3,366,5%,150%,165,73,26,20,94,0,8,50,0,1,0,徹甲弾 (4-Star),ホロサイト (4-Star),-,2200,165,198,231,264,23
738,上級8,昼戦,81,MG,LWMMG,57,0,3,408,5%,150%,165,75,23,15,76,0,9,56,0,1,0,徹甲弾 (4-Star),ホロサイト (4-Star),-,2164,162,194,227,259,24
738,上級8,昼戦,71,AR,ガリル,34,0,3,210,20%,150%,15,28,30,18,50,0,0,50,0,1,0,ドットサイト (3-Star),-,-,852,159,191,223,255,25
738,上級8,昼戦,32,SMG,Micro Uzi,55,0,3,369,5%,150%,15,15,7,64,89,0,0,50,0,1,0,T外骨格 (3-Star),-,-,1408,158,190,221,253,26
738,上級8,昼戦,26,SMG,Gr MP5,50,0,3,375,5%,150%,15,18,8,55,76,0,0,50,0,1,0,T外骨格 (3-Star),-,-,1350,151,182,212,243,27
738,上級8,昼戦,99,HG,Gr Mk23,46,0,3,174,30%,150%,15,19,28,39,53,0,0,52,0,1,0,サイレンサー (3-Star),-,-,855,149,179,209,239,28
738,上級8,昼戦,331,HG,コリブリ,46,0,3,144,30%,150%,15,10,31,71,47,0,0,51,0,1,0,サイレンサー (3-Star),-,-,834,145,175,204,233,29
738,上級8,昼戦,6,HG,トカレフ,40,0,3,180,30%,150%,15,20,23,36,42,0,0,50,0,1,0,サイレンサー (3-Star),-,-,784,137,164,192,219,30
738,上級8,昼戦,273,RF,SSG3000,43,0,3,189,40%,150%,127,79,39,15,31,0,0,74,0,1,0,徹甲弾 (3-Star),-,-,1368,136,164,191,218,31
738,上級8,昼戦,12,HG,C96,40,0,3,174,30%,150%,15,19,20,34,51,0,0,72,0,1,0,サイレンサー (3-Star),-,-,777,135,163,190,217,32
738,上級8,昼戦,2,HG,M1911,36,0,3,150,30%,150%,15,16,22,36,45,0,0,40,0,1,0,サイレンサー (3-Star),-,-,690,120,144,169,193,33
738,上級8,昼戦,44,RF,SV-98,36,0,3,171,40%,150%,127,72,33,13,30,0,0,50,0,1,0,徹甲弾 (3-Star),-,-,1199,119,143,167,191,34
738,上級8,昼戦,5,HG,M1895,34,0,3,141,30%,150%,15,19,21,44,34,0,0,100,0,1,0,サイレンサー (3-Star),-,-,679,118,142,166,190,35
738,上級8,昼戦,10,HG,PPK,30,0,3,111,30%,150%,15,14,23,42,49,0,0,50,0,1,0,サイレンサー (3-Star),-,-,631,110,132,154,176,36
738,上級8,昼戦,354,HG,ZiP .22,14,0,2,76,20%,150%,15,15,11,22,47,0,0,50,0,3,0,-,-,-,379,66,79,92,106,37
738,上級8,昼戦,94,SMG,64式,23,0,2,216,5%,150%,15,13,4,28,72,0,0,50,0,1,0,T外骨格 (2-Star),-,-,579,65,78,91,104,38
738,上級8,昼戦,95,RF,漢陽88式,55,0,1,79,72%,150%,165,77,37,23,27,0,0,72,0,2,0,徹甲弾 (4-Star),オプティカル (4-Star),-,514,51,61,71,82,39
738,上級8,昼戦,342,AR,KH2002,1,0,1,66,20%,150%,15,19,7,5,53,0,0,50,0,1,0,-,-,-,195,36,43,51,58,40
738,上級8,昼戦,106,AR,FAL,1,0,1,66,20%,150%,15,21,6,5,49,0,0,50,0,1,0,-,-,-,191,35,42,50,57,41
738,上級8,昼戦,365,AR,SCR,1,0,1,55,20%,150%,15,17,6,6,51,0,0,50,0,1,0,-,-,-,177,33,39,46,53,42
738,上級8,昼戦,324,SG,M6 ASW,1,0,1,130,40%,150%,15,14,2,2,19,3,4,50,0,1,0,-,-,-,260,32,39,45,52,43
738,上級8,昼戦,349,AR,AK74M,1,0,1,55,20%,150%,15,17,7,5,48,0,0,50,0,1,0,-,-,-,173,32,38,45,51,44
738,上級8,昼戦,7,HG,スチェッキン,1,0,1,42,20%,150%,15,11,6,9,45,0,0,50,0,6,0,-,-,-,182,31,38,44,50,45
738,上級8,昼戦,74,AR,SIG-510,1,0,1,58,20%,150%,15,20,5,5,39,0,0,50,0,1,0,-,-,-,162,30,36,42,48,46
738,上級8,昼戦,133,AR,63式,1,0,1,50,20%,150%,15,19,5,5,50,0,0,50,0,1,0,-,-,-,157,29,35,41,47,47
738,上級8,昼戦,68,AR,L85A1,1,0,1,47,20%,150%,15,16,5,5,52,0,0,50,0,1,0,-,-,-,151,28,33,39,45,48
738,上級8,昼戦,114,HG,ウェルロッドMkⅡ,1,0,1,40,40%,150%,15,9,8,10,33,0,0,50,0,1,0,-,-,-,153,26,32,37,42,49
738,上級8,昼戦,233,HG,Px4 ストーム,1,0,1,34,20%,150%,15,12,8,11,37,0,0,50,0,1,0,-,-,-,149,26,31,36,41,50
738,上級8,昼戦,310,HG,Rex Zero 1,1,0,1,35,20%,150%,15,12,8,10,42,0,0,50,0,1,0,-,-,-,148,25,31,36,41,51
738,上級8,昼戦,8,HG,マカロフ,1,0,1,32,20%,150%,15,9,7,11,40,0,0,50,0,1,0,-,-,-,137,23,28,33,38,52
738,上級8,昼戦,91,HG,MP-446,1,0,1,33,20%,150%,15,11,7,9,40,0,0,50,0,1,0,-,-,-,134,23,28,32,37,53
738,上級8,昼戦,33,SMG,m45,1,0,1,93,5%,150%,15,12,2,9,52,0,0,50,0,1,0,-,-,-,200,22,27,31,36,54
738,上級8,昼戦,22,SMG,PPS-43,1,0,1,88,5%,150%,15,13,2,9,52,0,0,50,0,1,0,-,-,-,198,22,26,31,35,55
738,上級8,昼戦,93,SMG,IDW,1,0,1,75,5%,150%,15,9,2,10,49,0,0,50,0,1,0,-,-,-,178,20,24,28,32,56
738,上級8,昼戦,80,MG,M1919A4,1,0,1,91,5%,150%,15,36,4,3,69,0,9,50,0,1,0,-,-,-,234,17,21,24,28,57
738,上級8,昼戦,197,RF,カルカノ M1891,1,0,1,40,40%,150%,15,45,9,5,22,0,0,50,0,1,0,-,-,-,170,17,20,23,27,58
738,上級8,昼戦,39,RF,モシン・ナガン,1,0,1,44,40%,150%,15,45,10,5,20,0,0,50,0,1,0,-,-,-,170,17,20,23,27,59
738,上級8,昼戦,47,RF,G43,1,0,1,40,40%,150%,15,41,8,4,27,0,0,50,0,1,0,-,-,-,159,15,19,22,25,60
743,コア3,昼戦,20056,AR,M4 SOPMOD II Mod,102,1,5,555,110%,150%,15,74,52,48,78,0,0,100,0,10,0,オプティカル (4-Star),オプティカル (5-Star),高速弾 (5-Star),5349,668,802,936,1069,1
743,コア3,昼戦,341,SMG,SP9,97,0,5,1085,5%,150%,11,32,34,106,87,0,0,98,0,7,0,T外骨格 (5-Star),ホローポイント弾 (4-Star),ドットサイト (4-Star),5943,668,802,936,1069,2
743,コア3,昼戦,20057,AR,ST AR-15 Mod,103,1,5,525,100%,150%,15,71,56,53,77,0,0,100,0,10,0,オプティカル (4-Star),オプティカル (5-Star),高速弾 (5-Star),5152,644,772,901,1030,3
743,コア3,昼戦,20055,AR,M4A1 Mod,104,1,5,555,52%,150%,15,64,51,64,79,0,0,100,0,8,0,オプティカル (4-Star),高速弾 (4-Star),X外骨格 (4-Star),4592,574,688,803,918,4
743,コア3,昼戦,54,AR,M16A1,91,0,5,580,20%,150%,15,57,42,38,73,18,0,82,0,1,0,高速弾 (4-Star),防弾ベスト (4-Star),防弾ベスト (5-Star),4345,543,651,760,869,5
743,コア3,昼戦,143,SMG,RO635,96,0,5,950,5%,150%,11,33,26,85,95,0,0,88,0,5,0,T外骨格 (3-Star),ホローポイント弾 (4-Star),ドットサイト (3-Star),4764,535,643,750,857,6
743,コア3,昼戦,29,SMG,ステンMK-II,91,0,4,708,19%,150%,11,30,14,92,76,0,0,51,0,1,0,T外骨格 (3-Star),ホローポイント弾 (4-Star),サイレンサー (4-Star),3309,372,446,521,595,7
743,コア3,昼戦,345,MG,MG338,81,0,4,628,20%,150%,415,91,35,22,112,0,9,75,0,10,0,特殊貫通弾 (4-Star),レッドサイト (3-Star),固定銃架 (3-Star),6080,304,364,425,486,8
743,コア3,昼戦,242,HG,P22,97,0,5,345,45%,150%,15,28,64,136,62,0,0,83,0,7,0,専用装備 (5-Star),-,X外骨格 (3-Star),3231,282,339,395,452,9
743,コア3,昼戦,198,RF,カルカノ M91/38,90,0,5,345,64%,175%,195,136,82,40,33,0,0,67,0,10,0,徹甲弾 (5-Star),オプティカル (3-Star),カモフラージュマント (5-Star),5294,264,317,370,423,10
743,コア3,昼戦,27,SMG,スコーピオン,73,0,4,548,5%,150%,15,17,10,80,87,0,0,56,0,1,0,T外骨格 (3-Star),-,-,2353,264,317,370,423,11
743,コア3,昼戦,247,RF,K31,90,0,5,370,64%,175%,165,118,71,34,38,0,0,67,0,8,0,徹甲弾 (4-Star),オプティカル (3-Star),カモフラージュマント (5-Star),5025,251,301,351,402,12
743,コア3,昼戦,1,HG,コルトSAA,98,0,5,395,35%,150%,15,37,59,88,47,0,0,98,0,4,0,レッドサイト (3-Star),-,X外骨格 (3-Star),2724,238,286,333,381,13
743,コア3,昼戦,97,HG,M950A,90,0,5,365,30%,150%,15,28,50,76,70,0,0,81,0,2,0,サイレンサー (3-Star),-,X外骨格 (3-Star),2528,221,265,309,353,14
743,コア3,昼戦,253,MG,ルイス,74,0,4,660,5%,150%,165,88,31,24,103,0,10,51,0,1,0,徹甲弾 (4-Star),ホロサイト (4-Star),-,4060,203,243,284,324,15
743,コア3,昼戦,323,SG,LTLX7000,56,0,3,642,40%,150%,15,17,17,6,25,22,5,75,0,6,0,防弾ベスト (4-Star),スラッグ弾 (3-Star),-,2238,195,234,274,313,16
743,コア3,昼戦,162,SG,SPAS-12,65,0,3,681,40%,140%,15,26,8,6,41,19,4,51,0,1,0,防弾ベスト (3-Star),バードショット (5-Star),-,2094,183,219,256,293,17
743,コア3,昼戦,154,SG,M500,61,0,3,636,40%,150%,15,24,8,6,26,18,4,51,0,1,0,防弾ベスト (3-Star),-,-,1866,163,195,228,261,18
743,コア3,昼戦,32,SMG,Micro Uzi,55,0,3,369,5%,150%,15,15,7,64,89,0,0,50,0,1,0,T外骨格 (3-Star),-,-,1408,158,190,221,253,19
743,コア3,昼戦,26,SMG,Gr MP5,50,0,3,375,5%,150%,15,18,8,55,76,0,0,50,0,1,0,T外骨格 (3-Star),-,-,1350,151,182,212,243,20
743,コア3,昼戦,36,RF,スプリングフィールド,73,0,4,292,64%,150%,165,106,55,31,29,0,0,55,0,1,0,徹甲弾 (4-Star),オプティカル (3-Star),-,2618,130,157,183,209,21
743,コア3,昼戦,61,AR,StG44,40,0,3,267,20%,150%,15,33,34,18,48,0,0,51,0,1,0,ドットサイト (3-Star),-,-,1001,125,150,175,200,22
743,コア3,昼戦,105,AR,OTs-12,40,0,3,219,20%,150%,15,26,38,26,57,0,0,51,0,1,0,ドットサイト (3-Star),-,-,982,122,147,171,196,23
743,コア3,昼戦,75,MG,M1918,56,0,3,366,5%,150%,165,73,26,20,94,0,8,50,0,1,0,徹甲弾 (4-Star),ホロサイト (4-Star),-,2200,110,132,154,176,24
743,コア3,昼戦,81,MG,LWMMG,57,0,3,408,5%,150%,165,75,23,15,76,0,9,56,0,1,0,徹甲弾 (4-Star),ホロサイト (4-Star),-,2164,108,129,151,173,25
743,コア3,昼戦,71,AR,ガリル,34,0,3,210,20%,150%,15,28,30,18,50,0,0,50,0,1,0,ドットサイト (3-Star),-,-,852,106,127,149,170,26
743,コア3,昼戦,53,RF,NTW-20,61,0,3,225,64%,150%,127,122,49,20,27,0,0,53,0,1,0,徹甲弾 (3-Star),オプティカル (3-Star),-,1807,90,108,126,144,27
743,コア3,昼戦,99,HG,Gr Mk23,46,0,3,174,30%,150%,15,19,28,39,53,0,0,52,0,1,0,サイレンサー (3-Star),-,-,855,74,89,104,119,28
743,コア3,昼戦,331,HG,コリブリ,46,0,3,144,30%,150%,15,10,31,71,47,0,0,51,0,1,0,サイレンサー (3-Star),-,-,834,72,87,102,116,29
743,コア3,昼戦,273,RF,SSG3000,43,0,3,189,40%,150%,127,79,39,15,31,0,0,74,0,1,0,徹甲弾 (3-Star),-,-,1368,68,82,95,109,30
743,コア3,昼戦,6,HG,トカレフ,40,0,3,180,30%,150%,15,20,23,36,42,0,0,50,0,1,0,サイレンサー (3-Star),-,-,784,68,82,96,109,31
743,コア3,昼戦,12,HG,C96,40,0,3,174,30%,150%,15,19,20,34,51,0,0,72,0,1,0,サイレンサー (3-Star),-,-,777,67,81,95,108,32
743,コア3,昼戦,94,SMG,64式,23,0,2,216,5%,150%,15,13,4,28,72,0,0,50,0,1,0,T外骨格 (2-Star),-,-,579,65,78,91,104,33
743,コア3,昼戦,2,HG,M1911,36,0,3,150,30%,150%,15,16,22,36,45,0,0,40,0,1,0,サイレンサー (3-Star),-,-,690,60,72,84,96,34
743,コア3,昼戦,5,HG,M1895,34,0,3,141,30%,150%,15,19,21,44,34,0,0,100,0,1,0,サイレンサー (3-Star),-,-,679,59,71,83,95,35
743,コア3,昼戦,44,RF,SV-98,36,0,3,171,40%,150%,127,72,33,13,30,0,0,50,0,1,0,徹甲弾 (3-Star),-,-,1199,59,71,83,95,36
743,コア3,昼戦,10,HG,PPK,30,0,3,111,30%,150%,15,14,23,42,49,0,0,50,0,1,0,サイレンサー (3-Star),-,-,631,55,66,77,88,37
743,コア3,昼戦,354,HG,ZiP .22,14,0,2,76,20%,150%,15,15,11,22,47,0,0,50,0,3,0,-,-,-,379,33,39,46,53,38
743,コア3,昼戦,324,SG,M6 ASW,1,0,1,130,40%,150%,15,14,2,2,19,3,4,50,0,1,0,-,-,-,260,27,32,38,43,39
743,コア3,昼戦,95,RF,漢陽88式,55,0,1,79,72%,150%,165,77,37,23,27,0,0,72,0,2,0,徹甲弾 (4-Star),オプティカル (4-Star),-,514,25,30,35,41,40
743,コア3,昼戦,342,AR,KH2002,1,0,1,66,20%,150%,15,19,7,5,53,0,0,50,0,1,0,-,-,-,195,24,29,34,39,41
743,コア3,昼戦,106,AR,FAL,1,0,1,66,20%,150%,15,21,6,5,49,0,0,50,0,1,0,-,-,-,191,23,28,33,38,42
743,コア3,昼戦,33,SMG,m45,1,0,1,93,5%,150%,15,12,2,9,52,0,0,50,0,1,0,-,-,-,200,22,27,31,36,43
743,コア3,昼戦,22,SMG,PPS-43,1,0,1,88,5%,150%,15,13,2,9,52,0,0,50,0,1,0,-,-,-,198,22,26,31,35,44
743,コア3,昼戦,365,AR,SCR,1,0,1,55,20%,150%,15,17,6,6,51,0,0,50,0,1,0,-,-,-,177,22,26,30,35,45
743,コア3,昼戦,349,AR,AK74M,1,0,1,55,20%,150%,15,17,7,5,48,0,0,50,0,1,0,-,-,-,173,21,25,30,34,46
743,コア3,昼戦,93,SMG,IDW,1,0,1,75,5%,150%,15,9,2,10,49,0,0,50,0,1,0,-,-,-,178,20,24,28,32,47
743,コア3,昼戦,74,AR,SIG-510,1,0,1,58,20%,150%,15,20,5,5,39,0,0,50,0,1,0,-,-,-,162,20,24,28,32,48
743,コア3,昼戦,133,AR,63式,1,0,1,50,20%,150%,15,19,5,5,50,0,0,50,0,1,0,-,-,-,157,19,23,27,31,49
743,コア3,昼戦,68,AR,L85A1,1,0,1,47,20%,150%,15,16,5,5,52,0,0,50,0,1,0,-,-,-,151,18,22,26,30,50
743,コア3,昼戦,7,HG,スチェッキン,1,0,1,42,20%,150%,15,11,6,9,45,0,0,50,0,6,0,-,-,-,182,15,19,22,25,51
743,コア3,昼戦,114,HG,ウェルロッドMkⅡ,1,0,1,40,40%,150%,15,9,8,10,33,0,0,50,0,1,0,-,-,-,153,13,16,18,21,52
743,コア3,昼戦,233,HG,Px4 ストーム,1,0,1,34,20%,150%,15,12,8,11,37,0,0,50,0,1,0,-,-,-,149,13,15,18,20,53
743,コア3,昼戦,310,HG,Rex Zero 1,1,0,1,35,20%,150%,15,12,8,10,42,0,0,50,0,1,0,-,-,-,148,12,15,18,20,54
743,コア3,昼戦,8,HG,マカロフ,1,0,1,32,20%,150%,15,9,7,11,40,0,0,50,0,1,0,-,-,-,137,11,14,16,19,55
743,コア3,昼戦,80,MG,M1919A4,1,0,1,91,5%,150%,15,36,4,3,69,0,9,50,0,1,0,-,-,-,234,11,14,16,18,56
743,コア3,昼戦,91,HG,MP-446,1,0,1,33,20%,150%,15,11,7,9,40,0,0,50,0,1,0,-,-,-,134,11,14,16,18,57
743,コア3,昼戦,197,RF,カルカノ M1891,1,0,1,40,40%,150%,15,45,9,5,22,0,0,50,0,1,0,-,-,-,170,8,10,11,13,58
743,コア3,昼戦,39,RF,モシン・ナガン,1,0,1,44,40%,150%,15,45,10,5,20,0,0,50,0,1,0,-,-,-,170,8,10,11,13,59
743,コア3,昼戦,47,RF,G43,1,0,1,40,40%,150%,15,41,8,4,27,0,0,50,0,1,0,-,-,-,159,7,9,11,12,60
746,コア6,昼戦,20056,AR,M4 SOPMOD II Mod,102,1,5,555,110%,150%,15,74,52,48,78,0,0,100,0,10,0,オプティカル (4-Star),オプティカル (5-Star),高速弾 (5-Star),5349,668,802,936,1069,1
746,コア6,昼戦,341,SMG,SP9,97,0,5,1085,5%,150%,11,32,34,106,87,0,0,98,0,7,0,T外骨格 (5-Star),ホローポイント弾 (4-Star),ドットサイト (4-Star),5943,668,802,936,1069,2
746,コア6,昼戦,20057,AR,ST AR-15 Mod,103,1,5,525,100%,150%,15,71,56,53,77,0,0,100,0,10,0,オプティカル (4-Star),オプティカル (5-Star),高速弾 (5-Star),5152,644,772,901,1030,3
746,コア6,昼戦,20055,AR,M4A1 Mod,104,1,5,555,52%,150%,15,64,51,64,79,0,0,100,0,8,0,オプティカル (4-Star),高速弾 (4-Star),X外骨格 (4-Star),4592,574,688,803,918,4
746,コア6,昼戦,54,AR,M16A1,91,0,5,580,20%,150%,15,57,42,38,73,18,0,82,0,1,0,高速弾 (4-Star),防弾ベスト (4-Star),防弾ベスト (5-Star),4345,543,651,760,869,5
746,コア6,昼戦,143,SMG,RO635,96,0,5,950,5%,150%,11,33,26,85,95,0,0,88,0,5,0,T外骨格 (3-Star),ホローポイント弾 (4-Star),ドットサイト (3-Star),4764,535,643,750,857,6
746,コア6,昼戦,198,RF,カルカノ M91/38,90,0,5,345,64%,175%,195,136,82,40,33,0,0,67,0,10,0,徹甲弾 (5-Star),オプティカル (3-Star),カモフラージュマント (5-Star),5294,529,635,741,847,7
746,コア6,昼戦,247,RF,K31,90,0,5,370,64%,175%,165,118,71,34,38,0,0,67,0,8,0,徹甲弾 (4-Star),オプティカル (3-Star),カモフラージュマント (5-Star),5025,502,603,703,804,8
746,コア6,昼戦,345,MG,MG338,81,0,4,628,20%,150%,415,91,35,22,112,0,9,75,0,10,0,特殊貫通弾 (4-Star),レッドサイト (3-Star),固定銃架 (3-Star),6080,456,547,638,729,9
746,コア6,昼戦,29,SMG,ステンMK-II,91,0,4,708,19%,150%,11,30,14,92,76,0,0,51,0,1,0,T外骨格 (3-Star),ホローポイント弾 (4-Star),サイレンサー (4-Star),3309,372,446,521,595,10
746,コア6,昼戦,253,MG,ルイス,74,0,4,660,20%,150%,165,84,32,24,106,0,10,51,0,1,0,徹甲弾 (4-Star),レッドサイト (3-Star),-,4221,316,379,443,506,11
746,コア6,昼戦,242,HG,P22,97,0,5,345,45%,150%,15,28,64,136,62,0,0,83,0,7,0,専用装備 (5-Star),-,X外骨格 (3-Star),3231,282,339,395,452,12
746,コア6,昼戦,323,SG,LTLX7000,56,0,3,642,40%,150%,15,17,17,6,25,22,5,75,0,6,0,防弾ベスト (4-Star),スラッグ弾 (3-Star),-,2238,279,335,391,447,13
746,コア6,昼戦,27,SMG,スコーピオン,73,0,4,548,5%,150%,15,17,10,80,87,0,0,56,0,1,0,T外骨格 (3-Star),-,-,2353,264,317,370,423,14
746,コア6,昼戦,162,SG,SPAS-12,65,0,3,681,40%,140%,15,26,8,6,41,19,4,51,0,1,0,防弾ベスト (3-Star),バードショット (5-Star),-,2094,261,314,366,418,15
746,コア6,昼戦,36,RF,スプリングフィールド,73,0,4,292,64%,150%,165,106,55,31,29,0,0,55,0,1,0,徹甲弾 (4-Star),オプティカル (3-Star),-,2618,261,314,366,418,16
746,コア6,昼戦,1,HG,コルトSAA,98,0,5,395,30%,150%,15,37,51,92,47,0,0,98,0,4,0,サイレンサー (3-Star),-,X外骨格 (3-Star),2717,237,285,332,380,17
746,コア6,昼戦,154,SG,M500,61,0,3,636,40%,150%,15,24,8,6,26,18,4,51,0,1,0,防弾ベスト (3-Star),-,-,1866,233,279,326,373,18
746,コア6,昼戦,97,HG,M950A,90,0,5,365,30%,150%,15,28,50,76,70,0,0,81,0,2,0,サイレンサー (3-Star),-,X外骨格 (3-Star),2528,221,265,309,353,19
746,コア6,昼戦,53,RF,NTW-20,61,0,3,225,64%,150%,165,122,49,20,27,0,0,53,0,1,0,徹甲弾 (4-Star),オプティカル (3-Star),-,1899,189,227,265,303,20
746,コア6,昼戦,75,MG,M1918,56,0,3,366,5%,150%,165,73,26,20,94,0,8,50,0,1,0,徹甲弾 (4-Star),ホロサイト (4-Star),-,2200,165,198,231,264,21
746,コア6,昼戦,81,MG,LWMMG,57,0,3,408,5%,150%,165,75,23,15,76,0,9,56,0,1,0,徹甲弾 (4-Star),ホロサイト (4-Star),-,2164,162,194,227,259,22
746,コア6,昼戦,32,SMG,Micro Uzi,55,0,3,369,5%,150%,15,15,7,64,89,0,0,50,0,1,0,T外骨格 (3-Star),-,-,1408,158,190,221,253,23
746,コア6,昼戦,26,SMG,Gr MP5,50,0,3,375,5%,150%,15,18,8,55,76,0,0,50,0,1,0,T外骨格 (3-Star),-,-,1350,151,182,212,243,24
746,コア6,昼戦,273,RF,SSG3000,43,0,3,189,40%,150%,127,79,39,15,31,0,0,74,0,1,0,徹甲弾 (3-Star),-,-,1368,136,164,191,218,25
746,コア6,昼戦,61,AR,StG44,40,0,3,267,20%,150%,15,33,34,18,48,0,0,51,0,1,0,ドットサイト (3-Star),-,-,1001,125,150,175,200,26
746,コア6,昼戦,105,AR,OTs-12,40,0,3,219,20%,150%,15,26,38,26,57,0,0,51,0,1,0,ドットサイト (3-Star),-,-,982,122,147,171,196,27
746,コア6,昼戦,44,RF,SV-98,36,0,3,171,40%,150%,127,72,33,13,30,0,0,50,0,1,0,徹甲弾 (3-Star),-,-,1199,119,143,167,191,28
746,コア6,昼戦,71,AR,ガリル,34,0,3,210,20%,150%,15,28,30,18,50,0,0,50,0,1,0,ドットサイト (3-Star),-,-,852,106,127,149,170,29
746,コア6,昼戦,99,HG,Gr Mk23,46,0,3,174,30%,150%,15,19,28,39,53,0,0,52,0,1,0,サイレンサー (3-Star),-,-,855,74,89,104,119,30
746,コア6,昼戦,331,HG,コリブリ,46,0,3,144,24%,150%,15,10,31,69,47,0,0,51,0,1,0,サイレンサー (2-Star),-,-,821,71,86,100,114,31
746,コア6,昼戦,6,HG,トカレフ,40,0,3,180,30%,150%,15,20,23,36,42,0,0,50,0,1,0,サイレンサー (3-Star),-,-,784,68,82,96,109,32
746,コア6,昼戦,12,HG,C96,40,0,3,174,30%,150%,15,19,20,34,51,0,0,72,0,1,0,サイレンサー (3-Star),-,-,777,67,81,95,108,33
746,コア6,昼戦,94,SMG,64式,23,0,2,216,5%,150%,15,13,4,28,72,0,0,50,0,1,0,T外骨格 (2-Star),-,-,579,65,78,91,104,34
746,コア6,昼戦,2,HG,M1911,36,0,3,150,30%,150%,15,16,22,36,45,0,0,40,0,1,0,サイレンサー (3-Star),-,-,690,60,72,84,96,35
746,コア6,昼戦,5,HG,M1895,34,0,3,141,30%,150%,15,19,21,44,34,0,0,100,0,1,0,サイレンサー (3-Star),-,-,679,59,71,83,95,36
746,コア6,昼戦,10,HG,PPK,30,0,3,111,30%,150%,15,14,23,42,49,0,0,50,0,1,0,サイレンサー (3-Star),-,-,631,55,66,77,88,37
746,コア6,昼戦,95,RF,漢陽88式,55,0,1,79,72%,150%,165,77,37,23,27,0,0,72,0,2,0,徹甲弾 (4-Star),オプティカル (4-Star),-,514,51,61,71,82,38
746,コア6,昼戦,354,HG,ZiP .22,14,0,2,76,20%,150%,15,15,11,22,47,0,0,50,0,3,0,-,-,-,379,33,39,46,53,39
746,コア6,昼戦,324,SG,M6 ASW,1,0,1,130,40%,150%,15,14,2,2,19,3,4,50,0,1,0,-,-,-,260,32,39,45,52,40
746,コア6,昼戦,342,AR,KH2002,1,0,1,66,20%,150%,15,19,7,5,53,0,0,50,0,1,0,-,-,-,195,24,29,34,39,41
746,コア6,昼戦,106,AR,FAL,1,0,1,66,20%,150%,15,21,6,5,49,0,0,50,0,1,0,-,-,-,191,23,28,33,38,42
746,コア6,昼戦,33,SMG,m45,1,0,1,93,5%,150%,15,12,2,9,52,0,0,50,0,1,0,-,-,-,200,22,27,31,36,43
746,コア6,昼戦,22,SMG,PPS-43,1,0,1,88,5%,150%,15,13,2,9,52,0,0,50,0,1,0,-,-,-,198,22,26,31,35,44
746,コア6,昼戦,365,AR,SCR,1,0,1,55,20%,150%,15,17,6,6,51,0,0,50,0,1,0,-,-,-,177,22,26,30,35,45
746,コア6,昼戦,349,AR,AK74M,1,0,1,55,20%,150%,15,17,7,5,48,0,0,50,0,1,0,-,-,-,173,21,25,30,34,46
746,コア6,昼戦,80,MG,M1919A4,1,0,1,91,5%,150%,15,36,4,3,69,0,9,50,0,1,0,-,-,-,234,21,25,29,33,47
746,コア6,昼戦,93,SMG,IDW,1,0,1,75,5%,150%,15,9,2,10,49,0,0,50,0,1,0,-,-,-,178,20,24,28,32,48
746,コア6,昼戦,74,AR,SIG-510,1,0,1,58,20%,150%,15,20,5,5,39,0,0,50,0,1,0,-,-,-,162,20,24,28,32,49
746,コア6,昼戦,133,AR,63式,1,0,1,50,20%,150%,15,19,5,5,50,0,0,50,0,1,0,-,-,-,157,19,23,27,31,50
746,コア6,昼戦,68,AR,L85A1,1,0,1,47,20%,150%,15,16,5,5,52,0,0,50,0,1,0,-,-,-,151,18,22,26,30,51
746,コア6,昼戦,197,RF,カルカノ M1891,1,0,1,40,40%,150%,15,45,9,5,22,0,0,50,0,1,0,-,-,-,170,17,20,23,27,52
746,コア6,昼戦,39,RF,モシン・ナガン,1,0,1,44,40%,150%,15,45,10,5,20,0,0,50,0,1,0,-,-,-,170,17,20,23,27,53
746,コア6,昼戦,7,HG,スチェッキン,1,0,1,42,20%,150%,15,11,6,9,45,0,0,50,0,6,0,-,-,-,182,15,19,22,25,54
746,コア6,昼戦,47,RF,G43,1,0,1,40,40%,150%,15,41,8,4,27,0,0,50,0,1,0,-,-,-,159,15,19,22,25,55
746,コア6,昼戦,114,HG,ウェルロッドMkⅡ,1,0,1,40,40%,150%,15,9,8,10,33,0,0,50,0,1,0,-,-,-,153,13,16,18,21,56
746,コア6,昼戦,233,HG,Px4 ストーム,1,0,1,34,20%,150%,15,12,8,11,37,0,0,50,0,1,0,-,-,-,149,13,15,18,20,57
746,コア6,昼戦,310,HG,Rex Zero 1,1,0,1,35,20%,150%,15,12,8,10,42,0,0,50,0,1,0,-,-,-,148,12,15,18,20,58
746,コア6,昼戦,8,HG,マカロフ,1,0,1,32,20%,150%,15,9,7,11,40,0,0,50,0,1,0,-,-,-,137,11,14,16,19,59
746,コア6,昼戦,91,HG,MP-446,1,0,1,33,20%,150%,15,11,7,9,40,0,0,50,0,1,0,-,-,-,134,11,14,16,18,60
748,コア8,夜戦,20056,AR,M4 SOPMOD II Mod,102,1,5,555,78%,150%,15,74,52,48,78,0,0,100,0,10,0,オプティカル (5-Star),暗視装備 (5-Star),高速弾 (5-Star),5007,1376,1652,1927,2203,1
748,コア8,夜戦,341,SMG,SP9,97,0,5,1085,5%,150%,11,32,14,106,88,0,0,98,0,7,0,T外骨格 (5-Star),ホローポイント弾 (4-Star),暗視装備 (4-Star),5549,1317,1581,1845,2108,2
748,コア8,夜戦,20057,AR,ST AR-15 Mod,103,1,5,525,68%,150%,15,71,56,53,77,0,0,100,0,10,0,オプティカル (5-Star),暗視装備 (3-Star),高速弾 (5-Star),4550,1251,1501,1751,2002,3
748,コア8,夜戦,20055,AR,M4A1 Mod,104,1,5,555,20%,150%,15,64,51,64,79,0,0,100,0,8,0,暗視装備 (3-Star),高速弾 (4-Star),X外骨格 (4-Star),4079,1121,1346,1570,1794,4
748,コア8,夜戦,143,SMG,RO635,96,0,5,950,19%,150%,11,33,14,92,96,0,0,88,0,5,0,T外骨格 (3-Star),ホローポイント弾 (4-Star),サイレンサー (4-Star),4117,977,1173,1368,1564,5
748,コア8,夜戦,54,AR,M16A1,91,0,5,580,20%,150%,15,57,42,38,73,18,0,82,0,1,0,高速弾 (4-Star),防弾ベスト (4-Star),防弾ベスト (5-Star),3121,858,1029,1201,1373,6
748,コア8,夜戦,242,HG,P22,97,0,5,345,45%,150%,11,34,64,143,62,0,0,83,0,7,0,専用装備 (5-Star),ホローポイント弾 (4-Star),T外骨格 (3-Star),2690,706,847,988,1129,7
748,コア8,夜戦,29,SMG,ステンMK-II,91,0,4,708,15%,150%,15,21,14,89,76,0,0,51,0,1,0,T外骨格 (3-Star),-,サイレンサー (3-Star),2872,682,818,954,1091,8
748,コア8,夜戦,1,HG,コルトSAA,98,0,5,395,30%,150%,15,37,51,92,47,0,0,98,0,4,0,サイレンサー (3-Star),-,X外骨格 (3-Star),2141,562,674,786,899,9
748,コア8,夜戦,97,HG,M950A,90,0,5,365,30%,150%,15,28,50,76,70,0,0,81,0,2,0,サイレンサー (3-Star),-,X外骨格 (3-Star),1856,487,584,682,779,10
748,コア8,夜戦,27,SMG,スコーピオン,73,0,4,548,5%,150%,15,20,10,73,87,0,0,56,0,1,0,X外骨格 (3-Star),-,-,2043,485,582,679,776,11
748,コア8,夜戦,32,SMG,Micro Uzi,55,0,3,369,5%,150%,15,15,7,64,89,0,0,50,0,1,0,T外骨格 (3-Star),-,-,1297,308,369,431,492,12
748,コア8,夜戦,26,SMG,Gr MP5,50,0,3,375,5%,150%,15,18,8,55,76,0,0,50,0,1,0,T外骨格 (3-Star),-,-,1230,292,350,408,467,13
748,コア8,夜戦,323,SG,LTLX7000,56,0,3,642,40%,150%,15,17,17,6,25,22,5,75,0,6,0,防弾ベスト (4-Star),スラッグ弾 (3-Star),-,2057,257,308,359,411,14
748,コア8,夜戦,162,SG,SPAS-12,65,0,3,681,40%,140%,15,26,8,6,41,19,4,51,0,1,0,防弾ベスト (3-Star),バードショット (5-Star),-,1886,235,282,330,377,15
748,コア8,夜戦,154,SG,M500,61,0,3,636,40%,150%,15,24,8,6,26,18,4,51,0,1,0,防弾ベスト (3-Star),-,-,1715,214,257,300,343,16
748,コア8,夜戦,345,MG,MG338,81,0,4,628,5%,150%,415,91,47,22,111,0,9,75,0,10,0,特殊貫通弾 (4-Star),ドットサイト (4-Star),固定銃架 (3-Star),2855,214,256,299,342,17
748,コア8,夜戦,99,HG,Gr Mk23,46,0,3,174,20%,150%,15,19,28,35,53,0,0,52,0,1,0,暗視装備 (4-Star),-,-,810,212,255,297,340,18
748,コア8,夜戦,331,HG,コリブリ,46,0,3,144,20%,150%,15,10,31,67,47,0,0,51,0,1,0,暗視装備 (4-Star),-,-,803,210,252,295,337,19
748,コア8,夜戦,198,RF,カルカノ M91/38,90,0,5,345,72%,175%,195,136,82,40,33,0,0,67,0,10,0,徹甲弾 (5-Star),オプティカル (4-Star),カモフラージュマント (5-Star),2803,210,252,294,336,20
748,コア8,夜戦,61,AR,StG44,40,0,3,267,20%,150%,15,33,34,18,48,0,0,51,0,1,0,ドットサイト (3-Star),-,-,719,197,237,276,316,21
748,コア8,夜戦,105,AR,OTs-12,40,0,3,219,20%,150%,15,26,38,26,57,0,0,51,0,1,0,ドットサイト (3-Star),-,-,701,192,231,269,308,22
748,コア8,夜戦,247,RF,K31,90,0,5,370,72%,175%,165,118,71,34,38,0,0,67,0,8,0,徹甲弾 (4-Star),オプティカル (4-Star),カモフラージュマント (5-Star),2545,190,229,267,305,23
748,コア8,夜戦,71,AR,ガリル,34,0,3,210,20%,150%,15,28,30,18,50,0,0,50,0,1,0,ドットサイト (3-Star),-,-,606,166,199,233,266,24
748,コア8,夜戦,6,HG,トカレフ,40,0,3,180,30%,150%,15,20,23,36,42,0,0,50,0,1,0,サイレンサー (3-Star),-,-,635,166,200,233,266,25
748,コア8,夜戦,12,HG,C96,40,0,3,174,30%,150%,15,19,20,34,51,0,0,72,0,1,0,サイレンサー (3-Star),-,-,614,161,193,225,257,26
748,コア8,夜戦,253,MG,ルイス,74,0,4,660,5%,150%,165,84,36,24,105,0,10,51,0,1,0,徹甲弾 (4-Star),ドットサイト (3-Star),-,2104,157,189,220,252,27
748,コア8,夜戦,5,HG,M1895,34,0,3,141,30%,150%,15,19,21,44,34,0,0,100,0,1,0,サイレンサー (3-Star),-,-,568,149,178,208,238,28
748,コア8,夜戦,2,HG,M1911,36,0,3,150,30%,150%,15,16,22,36,45,0,0,40,0,1,0,サイレンサー (3-Star),-,-,559,146,176,205,234,29
748,コア8,夜戦,10,HG,PPK,30,0,3,111,30%,150%,15,14,23,42,49,0,0,50,0,1,0,サイレンサー (3-Star),-,-,500,131,157,183,210,30
748,コア8,夜戦,94,SMG,64式,23,0,2,216,5%,150%,15,13,4,28,72,0,0,50,0,1,0,T外骨格 (2-Star),-,-,544,129,155,180,206,31
748,コア8,夜戦,36,RF,スプリングフィールド,73,0,4,292,72%,150%,165,106,55,31,29,0,0,55,0,1,0,徹甲弾 (4-Star),オプティカル (4-Star),-,1370,102,123,143,164,32
748,コア8,夜戦,75,MG,M1918,56,0,3,366,20%,150%,165,69,27,20,97,0,8,50,0,1,0,徹甲弾 (4-Star),レッドサイト (3-Star),-,1146,85,103,120,137,33
748,コア8,夜戦,354,HG,ZiP .22,14,0,2,76,20%,150%,15,15,11,22,47,0,0,50,0,3,0,-,-,-,322,84,101,118,135,34
748,コア8,夜戦,81,MG,LWMMG,57,0,3,408,20%,150%,165,71,24,15,79,0,9,56,0,1,0,徹甲弾 (4-Star),レッドサイト (3-Star),-,1116,83,100,117,133,35
748,コア8,夜戦,53,RF,NTW-20,61,0,3,225,64%,150%,127,122,49,20,27,0,0,53,0,1,0,徹甲弾 (3-Star),オプティカル (3-Star),-,920,69,82,96,110,36
748,コア8,夜戦,273,RF,SSG3000,43,0,3,189,40%,150%,127,79,39,15,31,0,0,74,0,1,0,徹甲弾 (3-Star),-,-,713,53,64,74,85,37
748,コア8,夜戦,44,RF,SV-98,36,0,3,171,40%,150%,127,72,33,13,30,0,0,50,0,1,0,徹甲弾 (3-Star),-,-,626,46,56,65,75,38
748,コア8,夜戦,342,AR,KH2002,1,0,1,66,20%,150%,15,19,7,5,53,0,0,50,0,1,0,-,-,-,167,45,55,64,73,39
748,コア8,夜戦,106,AR,FAL,1,0,1,66,20%,150%,15,21,6,5,49,0,0,50,0,1,0,-,-,-,166,45,54,63,73,40
748,コア8,夜戦,33,SMG,m45,1,0,1,93,5%,150%,15,12,2,9,52,0,0,50,0,1,0,-,-,-,193,45,55,64,73,41
748,コア8,夜戦,22,SMG,PPS-43,1,0,1,88,5%,150%,15,13,2,9,52,0,0,50,0,1,0,-,-,-,191,45,54,63,72,42
748,コア8,夜戦,7,HG,スチェッキン,1,0,1,42,20%,150%,15,11,6,9,45,0,0,50,0,6,0,-,-,-,168,44,52,61,70,43
748,コア8,夜戦,365,AR,SCR,1,0,1,55,20%,150%,15,17,6,6,51,0,0,50,0,1,0,-,-,-,155,42,51,59,68,44
748,コア8,夜戦,349,AR,AK74M,1,0,1,55,20%,150%,15,17,7,5,48,0,0,50,0,1,0,-,-,-,149,40,49,57,65,45
748,コア8,夜戦,93,SMG,IDW,1,0,1,75,5%,150%,15,9,2,10,49,0,0,50,0,1,0,-,-,-,173,41,49,57,65,46
748,コア8,夜戦,74,AR,SIG-510,1,0,1,58,20%,150%,15,20,5,5,39,0,0,50,0,1,0,-,-,-,145,39,47,55,63,47
748,コア8,夜戦,133,AR,63式,1,0,1,50,20%,150%,15,19,5,5,50,0,0,50,0,1,0,-,-,-,136,37,44,52,59,48
748,コア8,夜戦,114,HG,ウェルロッドMkⅡ,1,0,1,40,40%,150%,15,9,8,10,33,0,0,50,0,1,0,-,-,-,140,36,44,51,58,49
748,コア8,夜戦,68,AR,L85A1,1,0,1,47,20%,150%,15,16,5,5,52,0,0,50,0,1,0,-,-,-,132,36,43,50,58,50
748,コア8,夜戦,233,HG,Px4 ストーム,1,0,1,34,20%,150%,15,12,8,11,37,0,0,50,0,1,0,-,-,-,134,35,42,49,56,51
748,コア8,夜戦,310,HG,Rex Zero 1,1,0,1,35,20%,150%,15,12,8,10,42,0,0,50,0,1,0,-,-,-,130,34,40,47,54,52
748,コア8,夜戦,8,HG,マカロフ,1,0,1,32,20%,150%,15,9,7,11,40,0,0,50,0,1,0,-,-,-,124,32,39,45,52,53
748,コア8,夜戦,324,SG,M6 ASW,1,0,1,130,40%,150%,15,14,2,2,19,3,4,50,0,1,0,-,-,-,252,31,37,44,50,54
748,コア8,夜戦,91,HG,MP-446,1,0,1,33,20%,150%,15,11,7,9,40,0,0,50,0,1,0,-,-,-,120,31,37,44,50,55
748,コア8,夜戦,95,RF,漢陽88式,55,0,1,79,72%,150%,127,77,37,23,27,0,0,72,0,2,0,徹甲弾 (3-Star),オプティカル (4-Star),-,276,20,24,28,33,56
748,コア8,夜戦,80,MG,M1919A4,1,0,1,91,5%,150%,15,36,4,3,69,0,9,50,0,1,0,-,-,-,199,14,17,20,23,57
748,コア8,夜戦,197,RF,カルカノ M1891,1,0,1,40,40%,150%,15,45,9,5,22,0,0,50,0,1,0,-,-,-,137,10,12,14,16,58
748,コア8,夜戦,39,RF,モシン・ナガン,1,0,1,44,40%,150%,15,45,10,5,20,0,0,50,0,1,0,-,-,-,138,10,12,14,16,59
748,コア8,夜戦,47,RF,G43,1,0,1,40,40%,150%,15,41,8,4,27,0,0,50,0,1,0,-,-,-,126,9,11,13,15,60
